2026-08-04 13:06:18,633 INFO [قرار استثناء عقد تصليح الطائرات المروحية.docx] Loading document...
2026-08-04 13:06:18,636 INFO [قرار استثناء عقد تصليح الطائرات المروحية.docx] Loading document completed.
2026-08-04 13:06:18,636 INFO [قرار استثناء عقد تصليح الطائرات المروحية.docx] Cleaning document...
2026-08-04 13:06:18,637 INFO [قرار استثناء عقد تصليح الطائرات المروحية.docx] Cleaning document completed.
2026-08-04 13:06:18,637 INFO [قرار استثناء عقد تصليح الطائرات المروحية.docx] Detecting document type...
2026-08-04 13:06:18,638 INFO [قرار استثناء عقد تصليح الطائرات المروحية.docx] Detecting document type completed.
2026-08-04 13:06:18,638 INFO [قرار استثناء عقد تصليح الطائرات المروحية.docx] Extracting metadata...
2026-08-04 13:06:18,639 INFO [قرار استثناء عقد تصليح الطائرات المروحية.docx] Extracting metadata completed.
2026-08-04 13:06:18,639 INFO [قرار استثناء عقد تصليح الطائرات المروحية.docx] Extracting legal content...
2026-08-04 13:06:18,639 INFO [قرار استثناء عقد تصليح الطائرات المروحية.docx] Extracting legal content completed.
2026-08-04 13:06:18,639 INFO [قرار استثناء عقد تصليح الطائرات المروحية.docx] Building JSON...
2026-08-04 13:06:18,639 INFO [قرار استثناء عقد تصليح الطائرات المروحية.docx] Building JSON completed.
2026-08-04 13:06:18,639 INFO [قرار استثناء عقد تصليح الطائرات المروحية.docx] Validating JSON...
2026-08-04 13:06:18,639 INFO [قرار استثناء عقد تصليح الطائرات المروحية.docx] Validating JSON completed.
2026-08-04 13:06:18,640 INFO [قرار استثناء عقد تصليح الطائرات المروحية.docx] Saving output...
2026-08-04 13:06:18,660 INFO [قرار استثناء عقد تصليح الطائرات المروحية.docx] Saving output completed.
2026-08-04 13:06:18,660 INFO [قرار استثناء عقد تصليح الطائرات المروحية.docx] Completed. Output: C:\Users\lenovo\chatbot\parser_app\data\output\قرار استثناء عقد تصليح الطائرات المروحية_3.json
2026-08-04 13:16:09,412 INFO [الدفاع قرار استثناء عقد تصليح طائرات.docx] Loading document...
2026-08-04 13:16:09,416 INFO [الدفاع قرار استثناء عقد تصليح طائرات.docx] Loading document completed.
2026-08-04 13:16:09,416 INFO [الدفاع قرار استثناء عقد تصليح طائرات.docx] Cleaning document...
2026-08-04 13:16:09,417 INFO [الدفاع قرار استثناء عقد تصليح طائرات.docx] Cleaning document completed.
2026-08-04 13:16:09,417 INFO [الدفاع قرار استثناء عقد تصليح طائرات.docx] Detecting document type...
2026-08-04 13:16:09,417 INFO [الدفاع قرار استثناء عقد تصليح طائرات.docx] Detecting document type completed.
2026-08-04 13:16:09,417 INFO [الدفاع قرار استثناء عقد تصليح طائرات.docx] Extracting metadata...
2026-08-04 13:16:09,418 INFO [الدفاع قرار استثناء عقد تصليح طائرات.docx] Extracting metadata completed.
2026-08-04 13:16:09,418 INFO [الدفاع قرار استثناء عقد تصليح طائرات.docx] Extracting legal content...
2026-08-04 13:16:09,418 INFO [الدفاع قرار استثناء عقد تصليح طائرات.docx] Extracting legal content completed.
2026-08-04 13:16:09,418 INFO [الدفاع قرار استثناء عقد تصليح طائرات.docx] Building JSON...
2026-08-04 13:16:09,418 INFO [الدفاع قرار استثناء عقد تصليح طائرات.docx] Building JSON completed.
2026-08-04 13:16:09,418 INFO [الدفاع قرار استثناء عقد تصليح طائرات.docx] Validating JSON...
2026-08-04 13:16:09,418 INFO [الدفاع قرار استثناء عقد تصليح طائرات.docx] Validating JSON completed.
2026-08-04 13:16:09,418 INFO [الدفاع قرار استثناء عقد تصليح طائرات.docx] Saving output...
2026-08-04 13:16:09,439 INFO [الدفاع قرار استثناء عقد تصليح طائرات.docx] Saving output completed.
2026-08-04 13:16:09,439 INFO [الدفاع قرار استثناء عقد تصليح طائرات.docx] Completed. Output: C:\Users\lenovo\chatbot\parser_app\data\output\الدفاع قرار استثناء عقد تصليح طائرات_2.json
2026-08-04 13:16:09,439 INFO [النفط توصية الطاقة حقل الناصرية.docx] Loading document...
2026-08-04 13:16:09,442 INFO [النفط توصية الطاقة حقل الناصرية.docx] Loading document completed.
2026-08-04 13:16:09,442 INFO [النفط توصية الطاقة حقل الناصرية.docx] Cleaning document...
2026-08-04 13:16:09,444 INFO [النفط توصية الطاقة حقل الناصرية.docx] Cleaning document completed.
2026-08-04 13:16:09,444 INFO [النفط توصية الطاقة حقل الناصرية.docx] Detecting document type...
2026-08-04 13:16:09,444 INFO [النفط توصية الطاقة حقل الناصرية.docx] Detecting document type completed.
2026-08-04 13:16:09,444 INFO [النفط توصية الطاقة حقل الناصرية.docx] Extracting metadata...
2026-08-04 13:16:09,445 INFO [النفط توصية الطاقة حقل الناصرية.docx] Extracting metadata completed.
2026-08-04 13:16:09,445 INFO [النفط توصية الطاقة حقل الناصرية.docx] Extracting legal content...
2026-08-04 13:16:09,445 INFO [النفط توصية الطاقة حقل الناصرية.docx] Extracting legal content completed.
2026-08-04 13:16:09,445 INFO [النفط توصية الطاقة حقل الناصرية.docx] Building JSON...
2026-08-04 13:16:09,445 INFO [النفط توصية الطاقة حقل الناصرية.docx] Building JSON completed.
2026-08-04 13:16:09,445 INFO [النفط توصية الطاقة حقل الناصرية.docx] Validating JSON...
2026-08-04 13:16:09,445 INFO [النفط توصية الطاقة حقل الناصرية.docx] Validating JSON completed.
2026-08-04 13:16:09,445 INFO [النفط توصية الطاقة حقل الناصرية.docx] Saving output...
2026-08-04 13:16:09,463 INFO [النفط توصية الطاقة حقل الناصرية.docx] Saving output completed.
2026-08-04 13:16:09,463 INFO [النفط توصية الطاقة حقل الناصرية.docx] Completed. Output: C:\Users\lenovo\chatbot\parser_app\data\output\النفط توصية الطاقة حقل الناصرية_2.json
2026-08-04 13:16:09,463 INFO [قرار استثناء عقد تصليح الطائرات المروحية.docx] Loading document...
2026-08-04 13:16:09,465 INFO [قرار استثناء عقد تصليح الطائرات المروحية.docx] Loading document completed.
2026-08-04 13:16:09,465 INFO [قرار استثناء عقد تصليح الطائرات المروحية.docx] Cleaning document...
2026-08-04 13:16:09,466 INFO [قرار استثناء عقد تصليح الطائرات المروحية.docx] Cleaning document completed.
2026-08-04 13:16:09,466 INFO [قرار استثناء عقد تصليح الطائرات المروحية.docx] Detecting document type...
2026-08-04 13:16:09,466 INFO [قرار استثناء عقد تصليح الطائرات المروحية.docx] Detecting document type completed.
2026-08-04 13:16:09,467 INFO [قرار استثناء عقد تصليح الطائرات المروحية.docx] Extracting metadata...
2026-08-04 13:16:09,467 INFO [قرار استثناء عقد تصليح الطائرات المروحية.docx] Extracting metadata completed.
2026-08-04 13:16:09,467 INFO [قرار استثناء عقد تصليح الطائرات المروحية.docx] Extracting legal content...
2026-08-04 13:16:09,467 INFO [قرار استثناء عقد تصليح الطائرات المروحية.docx] Extracting legal content completed.
2026-08-04 13:16:09,467 INFO [قرار استثناء عقد تصليح الطائرات المروحية.docx] Building JSON...
2026-08-04 13:16:09,467 INFO [قرار استثناء عقد تصليح الطائرات المروحية.docx] Building JSON completed.
2026-08-04 13:16:09,467 INFO [قرار استثناء عقد تصليح الطائرات المروحية.docx] Validating JSON...
2026-08-04 13:16:09,467 INFO [قرار استثناء عقد تصليح الطائرات المروحية.docx] Validating JSON completed.
2026-08-04 13:16:09,467 INFO [قرار استثناء عقد تصليح الطائرات المروحية.docx] Saving output...
2026-08-04 13:16:09,485 INFO [قرار استثناء عقد تصليح الطائرات المروحية.docx] Saving output completed.
2026-08-04 13:16:09,485 INFO [قرار استثناء عقد تصليح الطائرات المروحية.docx] Completed. Output: C:\Users\lenovo\chatbot\parser_app\data\output\قرار استثناء عقد تصليح الطائرات المروحية_4.json
2026-08-04 13:16:09,485 INFO [قرار توصية الطاقة حقل الناصرية.docx] Loading document...
2026-08-04 13:16:09,489 INFO [قرار توصية الطاقة حقل الناصرية.docx] Loading document completed.
2026-08-04 13:16:09,489 INFO [قرار توصية الطاقة حقل الناصرية.docx] Cleaning document...
2026-08-04 13:16:09,490 INFO [قرار توصية الطاقة حقل الناصرية.docx] Cleaning document completed.
2026-08-04 13:16:09,490 INFO [قرار توصية الطاقة حقل الناصرية.docx] Detecting document type...
2026-08-04 13:16:09,490 INFO [قرار توصية الطاقة حقل الناصرية.docx] Detecting document type completed.
2026-08-04 13:16:09,490 INFO [قرار توصية الطاقة حقل الناصرية.docx] Extracting metadata...
2026-08-04 13:16:09,490 INFO [قرار توصية الطاقة حقل الناصرية.docx] Extracting metadata completed.
2026-08-04 13:16:09,490 INFO [قرار توصية الطاقة حقل الناصرية.docx] Extracting legal content...
2026-08-04 13:16:09,491 INFO [قرار توصية الطاقة حقل الناصرية.docx] Extracting legal content completed.
2026-08-04 13:16:09,491 INFO [قرار توصية الطاقة حقل الناصرية.docx] Building JSON...
2026-08-04 13:16:09,491 INFO [قرار توصية الطاقة حقل الناصرية.docx] Building JSON completed.
2026-08-04 13:16:09,491 INFO [قرار توصية الطاقة حقل الناصرية.docx] Validating JSON...
2026-08-04 13:16:09,491 INFO [قرار توصية الطاقة حقل الناصرية.docx] Validating JSON completed.
2026-08-04 13:16:09,491 INFO [قرار توصية الطاقة حقل الناصرية.docx] Saving output...
2026-08-04 13:16:09,509 INFO [قرار توصية الطاقة حقل الناصرية.docx] Saving output completed.
2026-08-04 13:16:09,509 INFO [قرار توصية الطاقة حقل الناصرية.docx] Completed. Output: C:\Users\lenovo\chatbot\parser_app\data\output\قرار توصية الطاقة حقل الناصرية_2.json
2026-08-04 13:16:09,509 INFO [وزارة الصحة لجنة الصيادله.docx] Loading document...
2026-08-04 13:16:09,512 INFO [وزارة الصحة لجنة الصيادله.docx] Loading document completed.
2026-08-04 13:16:09,512 INFO [وزارة الصحة لجنة الصيادله.docx] Cleaning document...
2026-08-04 13:16:09,513 INFO [وزارة الصحة لجنة الصيادله.docx] Cleaning document completed.
2026-08-04 13:16:09,513 INFO [وزارة الصحة لجنة الصيادله.docx] Detecting document type...
2026-08-04 13:16:09,513 INFO [وزارة الصحة لجنة الصيادله.docx] Detecting document type completed.
2026-08-04 13:16:09,513 INFO [وزارة الصحة لجنة الصيادله.docx] Extracting metadata...
2026-08-04 13:16:09,513 INFO [وزارة الصحة لجنة الصيادله.docx] Extracting metadata completed.
2026-08-04 13:16:09,513 INFO [وزارة الصحة لجنة الصيادله.docx] Extracting legal content...
2026-08-04 13:16:09,513 INFO [وزارة الصحة لجنة الصيادله.docx] Extracting legal content completed.
2026-08-04 13:16:09,513 INFO [وزارة الصحة لجنة الصيادله.docx] Building JSON...
2026-08-04 13:16:09,513 INFO [وزارة الصحة لجنة الصيادله.docx] Building JSON completed.
2026-08-04 13:16:09,513 INFO [وزارة الصحة لجنة الصيادله.docx] Validating JSON...
2026-08-04 13:16:09,514 INFO [وزارة الصحة لجنة الصيادله.docx] Validating JSON completed.
2026-08-04 13:16:09,514 INFO [وزارة الصحة لجنة الصيادله.docx] Saving output...
2026-08-04 13:16:09,531 INFO [وزارة الصحة لجنة الصيادله.docx] Saving output completed.
2026-08-04 13:16:09,531 INFO [وزارة الصحة لجنة الصيادله.docx] Completed. Output: C:\Users\lenovo\chatbot\parser_app\data\output\وزارة الصحة لجنة الصيادله_2.json
2026-08-04 13:16:58,379 INFO [الدفاع قرار استثناء عقد تصليح طائرات.docx] Loading document...
2026-08-04 13:16:58,382 INFO [الدفاع قرار استثناء عقد تصليح طائرات.docx] Loading document completed.
2026-08-04 13:16:58,382 INFO [الدفاع قرار استثناء عقد تصليح طائرات.docx] Cleaning document...
2026-08-04 13:16:58,384 INFO [الدفاع قرار استثناء عقد تصليح طائرات.docx] Cleaning document completed.
2026-08-04 13:16:58,384 INFO [الدفاع قرار استثناء عقد تصليح طائرات.docx] Detecting document type...
2026-08-04 13:16:58,384 INFO [الدفاع قرار استثناء عقد تصليح طائرات.docx] Detecting document type completed.
2026-08-04 13:16:58,384 INFO [الدفاع قرار استثناء عقد تصليح طائرات.docx] Extracting metadata...
2026-08-04 13:16:58,386 INFO [الدفاع قرار استثناء عقد تصليح طائرات.docx] Extracting metadata completed.
2026-08-04 13:16:58,386 INFO [الدفاع قرار استثناء عقد تصليح طائرات.docx] Extracting legal content...
2026-08-04 13:16:58,386 INFO [الدفاع قرار استثناء عقد تصليح طائرات.docx] Extracting legal content completed.
2026-08-04 13:16:58,386 INFO [الدفاع قرار استثناء عقد تصليح طائرات.docx] Running Qwen...
2026-08-04 13:17:21,222 INFO [الدفاع قرار استثناء عقد تصليح طائرات.docx] Running Qwen completed.
2026-08-04 13:17:21,222 INFO [الدفاع قرار استثناء عقد تصليح طائرات.docx] Merging Qwen output...
2026-08-04 13:17:21,223 INFO [الدفاع قرار استثناء عقد تصليح طائرات.docx] Merging Qwen output completed.
2026-08-04 13:17:21,223 INFO [الدفاع قرار استثناء عقد تصليح طائرات.docx] Building JSON...
2026-08-04 13:17:21,223 INFO [الدفاع قرار استثناء عقد تصليح طائرات.docx] Building JSON completed.
2026-08-04 13:17:21,223 INFO [الدفاع قرار استثناء عقد تصليح طائرات.docx] Validating JSON...
2026-08-04 13:17:21,223 INFO [الدفاع قرار استثناء عقد تصليح طائرات.docx] Validating JSON completed.
2026-08-04 13:17:21,223 INFO [الدفاع قرار استثناء عقد تصليح طائرات.docx] Saving output...
2026-08-04 13:17:21,249 INFO [الدفاع قرار استثناء عقد تصليح طائرات.docx] Saving output completed.
2026-08-04 13:17:21,249 INFO [الدفاع قرار استثناء عقد تصليح طائرات.docx] Completed. Output: C:\Users\lenovo\chatbot\parser_app\data\output\الدفاع قرار استثناء عقد تصليح طائرات_3.json
2026-08-04 13:17:21,249 INFO [النفط توصية الطاقة حقل الناصرية.docx] Loading document...
2026-08-04 13:17:21,254 INFO [النفط توصية الطاقة حقل الناصرية.docx] Loading document completed.
2026-08-04 13:17:21,254 INFO [النفط توصية الطاقة حقل الناصرية.docx] Cleaning document...
2026-08-04 13:17:21,256 INFO [النفط توصية الطاقة حقل الناصرية.docx] Cleaning document completed.
2026-08-04 13:17:21,257 INFO [النفط توصية الطاقة حقل الناصرية.docx] Detecting document type...
2026-08-04 13:17:21,257 INFO [النفط توصية الطاقة حقل الناصرية.docx] Detecting document type completed.
2026-08-04 13:17:21,257 INFO [النفط توصية الطاقة حقل الناصرية.docx] Extracting metadata...
2026-08-04 13:17:21,257 INFO [النفط توصية الطاقة حقل الناصرية.docx] Extracting metadata completed.
2026-08-04 13:17:21,257 INFO [النفط توصية الطاقة حقل الناصرية.docx] Extracting legal content...
2026-08-04 13:17:21,258 INFO [النفط توصية الطاقة حقل الناصرية.docx] Extracting legal content completed.
2026-08-04 13:17:21,258 INFO [النفط توصية الطاقة حقل الناصرية.docx] Running Qwen...
2026-08-04 13:17:36,260 INFO [النفط توصية الطاقة حقل الناصرية.docx] Running Qwen completed.
2026-08-04 13:17:36,260 INFO [النفط توصية الطاقة حقل الناصرية.docx] Merging Qwen output...
2026-08-04 13:17:36,261 INFO [النفط توصية الطاقة حقل الناصرية.docx] Merging Qwen output completed.
2026-08-04 13:17:36,261 INFO [النفط توصية الطاقة حقل الناصرية.docx] Building JSON...
2026-08-04 13:17:36,261 INFO [النفط توصية الطاقة حقل الناصرية.docx] Building JSON completed.
2026-08-04 13:17:36,261 INFO [النفط توصية الطاقة حقل الناصرية.docx] Validating JSON...
2026-08-04 13:17:36,261 INFO [النفط توصية الطاقة حقل الناصرية.docx] Validating JSON completed.
2026-08-04 13:17:36,261 INFO [النفط توصية الطاقة حقل الناصرية.docx] Saving output...
2026-08-04 13:17:36,277 INFO [النفط توصية الطاقة حقل الناصرية.docx] Saving output completed.
2026-08-04 13:17:36,277 INFO [النفط توصية الطاقة حقل الناصرية.docx] Completed. Output: C:\Users\lenovo\chatbot\parser_app\data\output\النفط توصية الطاقة حقل الناصرية_3.json
2026-08-04 13:17:36,277 INFO [قرار استثناء عقد تصليح الطائرات المروحية.docx] Loading document...
2026-08-04 13:17:36,281 INFO [قرار استثناء عقد تصليح الطائرات المروحية.docx] Loading document completed.
2026-08-04 13:17:36,281 INFO [قرار استثناء عقد تصليح الطائرات المروحية.docx] Cleaning document...
2026-08-04 13:17:36,283 INFO [قرار استثناء عقد تصليح الطائرات المروحية.docx] Cleaning document completed.
2026-08-04 13:17:36,283 INFO [قرار استثناء عقد تصليح الطائرات المروحية.docx] Detecting document type...
2026-08-04 13:17:36,284 INFO [قرار استثناء عقد تصليح الطائرات المروحية.docx] Detecting document type completed.
2026-08-04 13:17:36,284 INFO [قرار استثناء عقد تصليح الطائرات المروحية.docx] Extracting metadata...
2026-08-04 13:17:36,284 INFO [قرار استثناء عقد تصليح الطائرات المروحية.docx] Extracting metadata completed.
2026-08-04 13:17:36,284 INFO [قرار استثناء عقد تصليح الطائرات المروحية.docx] Extracting legal content...
2026-08-04 13:17:36,285 INFO [قرار استثناء عقد تصليح الطائرات المروحية.docx] Extracting legal content completed.
2026-08-04 13:17:36,285 INFO [قرار استثناء عقد تصليح الطائرات المروحية.docx] Running Qwen...
2026-08-04 13:17:47,542 INFO [قرار استثناء عقد تصليح الطائرات المروحية.docx] Running Qwen completed.
2026-08-04 13:17:47,542 INFO [قرار استثناء عقد تصليح الطائرات المروحية.docx] Merging Qwen output...
2026-08-04 13:17:47,543 INFO [قرار استثناء عقد تصليح الطائرات المروحية.docx] Merging Qwen output completed.
2026-08-04 13:17:47,543 INFO [قرار استثناء عقد تصليح الطائرات المروحية.docx] Building JSON...
2026-08-04 13:17:47,543 INFO [قرار استثناء عقد تصليح الطائرات المروحية.docx] Building JSON completed.
2026-08-04 13:17:47,543 INFO [قرار استثناء عقد تصليح الطائرات المروحية.docx] Validating JSON...
2026-08-04 13:17:47,543 INFO [قرار استثناء عقد تصليح الطائرات المروحية.docx] Validating JSON completed.
2026-08-04 13:17:47,543 INFO [قرار استثناء عقد تصليح الطائرات المروحية.docx] Saving output...
2026-08-04 13:17:47,567 INFO [قرار استثناء عقد تصليح الطائرات المروحية.docx] Saving output completed.
2026-08-04 13:17:47,567 INFO [قرار استثناء عقد تصليح الطائرات المروحية.docx] Completed. Output: C:\Users\lenovo\chatbot\parser_app\data\output\قرار استثناء عقد تصليح الطائرات المروحية_5.json
2026-08-04 13:17:47,568 INFO [قرار توصية الطاقة حقل الناصرية.docx] Loading document...
2026-08-04 13:17:47,571 INFO [قرار توصية الطاقة حقل الناصرية.docx] Loading document completed.
2026-08-04 13:17:47,571 INFO [قرار توصية الطاقة حقل الناصرية.docx] Cleaning document...
2026-08-04 13:17:47,574 INFO [قرار توصية الطاقة حقل الناصرية.docx] Cleaning document completed.
2026-08-04 13:17:47,574 INFO [قرار توصية الطاقة حقل الناصرية.docx] Detecting document type...
2026-08-04 13:17:47,574 INFO [قرار توصية الطاقة حقل الناصرية.docx] Detecting document type completed.
2026-08-04 13:17:47,574 INFO [قرار توصية الطاقة حقل الناصرية.docx] Extracting metadata...
2026-08-04 13:17:47,575 INFO [قرار توصية الطاقة حقل الناصرية.docx] Extracting metadata completed.
2026-08-04 13:17:47,575 INFO [قرار توصية الطاقة حقل الناصرية.docx] Extracting legal content...
2026-08-04 13:17:47,575 INFO [قرار توصية الطاقة حقل الناصرية.docx] Extracting legal content completed.
2026-08-04 13:17:47,576 INFO [قرار توصية الطاقة حقل الناصرية.docx] Running Qwen...
2026-08-04 13:17:56,077 INFO [قرار توصية الطاقة حقل الناصرية.docx] Running Qwen completed.
2026-08-04 13:17:56,077 INFO [قرار توصية الطاقة حقل الناصرية.docx] Merging Qwen output...
2026-08-04 13:17:56,077 INFO [قرار توصية الطاقة حقل الناصرية.docx] Merging Qwen output completed.
2026-08-04 13:17:56,077 INFO [قرار توصية الطاقة حقل الناصرية.docx] Building JSON...
2026-08-04 13:17:56,078 INFO [قرار توصية الطاقة حقل الناصرية.docx] Building JSON completed.
2026-08-04 13:17:56,078 INFO [قرار توصية الطاقة حقل الناصرية.docx] Validating JSON...
2026-08-04 13:17:56,078 INFO [قرار توصية الطاقة حقل الناصرية.docx] Validating JSON completed.
2026-08-04 13:17:56,078 INFO [قرار توصية الطاقة حقل الناصرية.docx] Saving output...
2026-08-04 13:17:56,100 INFO [قرار توصية الطاقة حقل الناصرية.docx] Saving output completed.
2026-08-04 13:17:56,100 INFO [قرار توصية الطاقة حقل الناصرية.docx] Completed. Output: C:\Users\lenovo\chatbot\parser_app\data\output\قرار توصية الطاقة حقل الناصرية_3.json
2026-08-04 13:17:56,101 INFO [وزارة الصحة لجنة الصيادله.docx] Loading document...
2026-08-04 13:17:56,107 INFO [وزارة الصحة لجنة الصيادله.docx] Loading document completed.
2026-08-04 13:17:56,107 INFO [وزارة الصحة لجنة الصيادله.docx] Cleaning document...
2026-08-04 13:17:56,110 INFO [وزارة الصحة لجنة الصيادله.docx] Cleaning document completed.
2026-08-04 13:17:56,110 INFO [وزارة الصحة لجنة الصيادله.docx] Detecting document type...
2026-08-04 13:17:56,110 INFO [وزارة الصحة لجنة الصيادله.docx] Detecting document type completed.
2026-08-04 13:17:56,110 INFO [وزارة الصحة لجنة الصيادله.docx] Extracting metadata...
2026-08-04 13:17:56,111 INFO [وزارة الصحة لجنة الصيادله.docx] Extracting metadata completed.
2026-08-04 13:17:56,111 INFO [وزارة الصحة لجنة الصيادله.docx] Extracting legal content...
2026-08-04 13:17:56,112 INFO [وزارة الصحة لجنة الصيادله.docx] Extracting legal content completed.
2026-08-04 13:17:56,112 INFO [وزارة الصحة لجنة الصيادله.docx] Running Qwen...
2026-08-04 13:18:11,144 INFO [وزارة الصحة لجنة الصيادله.docx] Running Qwen completed.
2026-08-04 13:18:11,145 INFO [وزارة الصحة لجنة الصيادله.docx] Merging Qwen output...
2026-08-04 13:18:11,146 INFO [وزارة الصحة لجنة الصيادله.docx] Merging Qwen output completed.
2026-08-04 13:18:11,146 INFO [وزارة الصحة لجنة الصيادله.docx] Building JSON...
2026-08-04 13:18:11,146 INFO [وزارة الصحة لجنة الصيادله.docx] Building JSON completed.
2026-08-04 13:18:11,146 INFO [وزارة الصحة لجنة الصيادله.docx] Validating JSON...
2026-08-04 13:18:11,146 INFO [وزارة الصحة لجنة الصيادله.docx] Validating JSON completed.
2026-08-04 13:18:11,146 INFO [وزارة الصحة لجنة الصيادله.docx] Saving output...
2026-08-04 13:18:11,167 INFO [وزارة الصحة لجنة الصيادله.docx] Saving output completed.
2026-08-04 13:18:11,167 INFO [وزارة الصحة لجنة الصيادله.docx] Completed. Output: C:\Users\lenovo\chatbot\parser_app\data\output\وزارة الصحة لجنة الصيادله_3.json
2026-08-04 13:20:23,893 INFO [الدفاع قرار استثناء عقد تصليح طائرات.docx] Loading document...
2026-08-04 13:20:23,896 INFO [الدفاع قرار استثناء عقد تصليح طائرات.docx] Loading document completed.
2026-08-04 13:20:23,896 INFO [الدفاع قرار استثناء عقد تصليح طائرات.docx] Cleaning document...
2026-08-04 13:20:23,897 INFO [الدفاع قرار استثناء عقد تصليح طائرات.docx] Cleaning document completed.
2026-08-04 13:20:23,897 INFO [الدفاع قرار استثناء عقد تصليح طائرات.docx] Detecting document type...
2026-08-04 13:20:23,897 INFO [الدفاع قرار استثناء عقد تصليح طائرات.docx] Detecting document type completed.
2026-08-04 13:20:23,897 INFO [الدفاع قرار استثناء عقد تصليح طائرات.docx] Extracting metadata...
2026-08-04 13:20:23,898 INFO [الدفاع قرار استثناء عقد تصليح طائرات.docx] Extracting metadata completed.
2026-08-04 13:20:23,898 INFO [الدفاع قرار استثناء عقد تصليح طائرات.docx] Extracting legal content...
2026-08-04 13:20:23,898 INFO [الدفاع قرار استثناء عقد تصليح طائرات.docx] Extracting legal content completed.
2026-08-04 13:20:23,898 INFO [الدفاع قرار استثناء عقد تصليح طائرات.docx] Building JSON...
2026-08-04 13:20:23,898 INFO [الدفاع قرار استثناء عقد تصليح طائرات.docx] Building JSON completed.
2026-08-04 13:20:23,898 INFO [الدفاع قرار استثناء عقد تصليح طائرات.docx] Validating JSON...
2026-08-04 13:20:23,898 INFO [الدفاع قرار استثناء عقد تصليح طائرات.docx] Validating JSON completed.
2026-08-04 13:20:23,898 INFO [الدفاع قرار استثناء عقد تصليح طائرات.docx] Saving output...
2026-08-04 13:20:23,919 INFO [الدفاع قرار استثناء عقد تصليح طائرات.docx] Saving output completed.
2026-08-04 13:20:23,919 INFO [الدفاع قرار استثناء عقد تصليح طائرات.docx] Completed. Output: C:\Users\lenovo\chatbot\parser_app\data\output\الدفاع قرار استثناء عقد تصليح طائرات_4.json
2026-08-04 13:20:23,919 INFO [النفط توصية الطاقة حقل الناصرية.docx] Loading document...
2026-08-04 13:20:23,923 INFO [النفط توصية الطاقة حقل الناصرية.docx] Loading document completed.
2026-08-04 13:20:23,923 INFO [النفط توصية الطاقة حقل الناصرية.docx] Cleaning document...
2026-08-04 13:20:23,924 INFO [النفط توصية الطاقة حقل الناصرية.docx] Cleaning document completed.
2026-08-04 13:20:23,925 INFO [النفط توصية الطاقة حقل الناصرية.docx] Detecting document type...
2026-08-04 13:20:23,925 INFO [النفط توصية الطاقة حقل الناصرية.docx] Detecting document type completed.
2026-08-04 13:20:23,925 INFO [النفط توصية الطاقة حقل الناصرية.docx] Extracting metadata...
2026-08-04 13:20:23,925 INFO [النفط توصية الطاقة حقل الناصرية.docx] Extracting metadata completed.
2026-08-04 13:20:23,925 INFO [النفط توصية الطاقة حقل الناصرية.docx] Extracting legal content...
2026-08-04 13:20:23,926 INFO [النفط توصية الطاقة حقل الناصرية.docx] Extracting legal content completed.
2026-08-04 13:20:23,926 INFO [النفط توصية الطاقة حقل الناصرية.docx] Building JSON...
2026-08-04 13:20:23,926 INFO [النفط توصية الطاقة حقل الناصرية.docx] Building JSON completed.
2026-08-04 13:20:23,926 INFO [النفط توصية الطاقة حقل الناصرية.docx] Validating JSON...
2026-08-04 13:20:23,926 INFO [النفط توصية الطاقة حقل الناصرية.docx] Validating JSON completed.
2026-08-04 13:20:23,926 INFO [النفط توصية الطاقة حقل الناصرية.docx] Saving output...
2026-08-04 13:20:23,944 INFO [النفط توصية الطاقة حقل الناصرية.docx] Saving output completed.
2026-08-04 13:20:23,944 INFO [النفط توصية الطاقة حقل الناصرية.docx] Completed. Output: C:\Users\lenovo\chatbot\parser_app\data\output\النفط توصية الطاقة حقل الناصرية_4.json
2026-08-04 13:20:23,944 INFO [قرار استثناء عقد تصليح الطائرات المروحية.docx] Loading document...
2026-08-04 13:20:23,947 INFO [قرار استثناء عقد تصليح الطائرات المروحية.docx] Loading document completed.
2026-08-04 13:20:23,947 INFO [قرار استثناء عقد تصليح الطائرات المروحية.docx] Cleaning document...
2026-08-04 13:20:23,948 INFO [قرار استثناء عقد تصليح الطائرات المروحية.docx] Cleaning document completed.
2026-08-04 13:20:23,948 INFO [قرار استثناء عقد تصليح الطائرات المروحية.docx] Detecting document type...
2026-08-04 13:20:23,948 INFO [قرار استثناء عقد تصليح الطائرات المروحية.docx] Detecting document type completed.
2026-08-04 13:20:23,948 INFO [قرار استثناء عقد تصليح الطائرات المروحية.docx] Extracting metadata...
2026-08-04 13:20:23,948 INFO [قرار استثناء عقد تصليح الطائرات المروحية.docx] Extracting metadata completed.
2026-08-04 13:20:23,949 INFO [قرار استثناء عقد تصليح الطائرات المروحية.docx] Extracting legal content...
2026-08-04 13:20:23,949 INFO [قرار استثناء عقد تصليح الطائرات المروحية.docx] Extracting legal content completed.
2026-08-04 13:20:23,949 INFO [قرار استثناء عقد تصليح الطائرات المروحية.docx] Building JSON...
2026-08-04 13:20:23,949 INFO [قرار استثناء عقد تصليح الطائرات المروحية.docx] Building JSON completed.
2026-08-04 13:20:23,949 INFO [قرار استثناء عقد تصليح الطائرات المروحية.docx] Validating JSON...
2026-08-04 13:20:23,949 INFO [قرار استثناء عقد تصليح الطائرات المروحية.docx] Validating JSON completed.
2026-08-04 13:20:23,949 INFO [قرار استثناء عقد تصليح الطائرات المروحية.docx] Saving output...
2026-08-04 13:20:23,967 INFO [قرار استثناء عقد تصليح الطائرات المروحية.docx] Saving output completed.
2026-08-04 13:20:23,967 INFO [قرار استثناء عقد تصليح الطائرات المروحية.docx] Completed. Output: C:\Users\lenovo\chatbot\parser_app\data\output\قرار استثناء عقد تصليح الطائرات المروحية_6.json
2026-08-04 13:20:23,967 INFO [قرار توصية الطاقة حقل الناصرية.docx] Loading document...
2026-08-04 13:20:23,970 INFO [قرار توصية الطاقة حقل الناصرية.docx] Loading document completed.
2026-08-04 13:20:23,970 INFO [قرار توصية الطاقة حقل الناصرية.docx] Cleaning document...
2026-08-04 13:20:23,971 INFO [قرار توصية الطاقة حقل الناصرية.docx] Cleaning document completed.
2026-08-04 13:20:23,971 INFO [قرار توصية الطاقة حقل الناصرية.docx] Detecting document type...
2026-08-04 13:20:23,971 INFO [قرار توصية الطاقة حقل الناصرية.docx] Detecting document type completed.
2026-08-04 13:20:23,971 INFO [قرار توصية الطاقة حقل الناصرية.docx] Extracting metadata...
2026-08-04 13:20:23,971 INFO [قرار توصية الطاقة حقل الناصرية.docx] Extracting metadata completed.
2026-08-04 13:20:23,971 INFO [قرار توصية الطاقة حقل الناصرية.docx] Extracting legal content...
2026-08-04 13:20:23,971 INFO [قرار توصية الطاقة حقل الناصرية.docx] Extracting legal content completed.
2026-08-04 13:20:23,971 INFO [قرار توصية الطاقة حقل الناصرية.docx] Building JSON...
2026-08-04 13:20:23,972 INFO [قرار توصية الطاقة حقل الناصرية.docx] Building JSON completed.
2026-08-04 13:20:23,972 INFO [قرار توصية الطاقة حقل الناصرية.docx] Validating JSON...
2026-08-04 13:20:23,972 INFO [قرار توصية الطاقة حقل الناصرية.docx] Validating JSON completed.
2026-08-04 13:20:23,972 INFO [قرار توصية الطاقة حقل الناصرية.docx] Saving output...
2026-08-04 13:20:23,989 INFO [قرار توصية الطاقة حقل الناصرية.docx] Saving output completed.
2026-08-04 13:20:23,989 INFO [قرار توصية الطاقة حقل الناصرية.docx] Completed. Output: C:\Users\lenovo\chatbot\parser_app\data\output\قرار توصية الطاقة حقل الناصرية_4.json
2026-08-04 13:20:23,989 INFO [وزارة الصحة لجنة الصيادله.docx] Loading document...
2026-08-04 13:20:23,990 INFO [وزارة الصحة لجنة الصيادله.docx] Loading document completed.
2026-08-04 13:20:23,991 INFO [وزارة الصحة لجنة الصيادله.docx] Cleaning document...
2026-08-04 13:20:23,991 INFO [وزارة الصحة لجنة الصيادله.docx] Cleaning document completed.
2026-08-04 13:20:23,991 INFO [وزارة الصحة لجنة الصيادله.docx] Detecting document type...
2026-08-04 13:20:23,991 INFO [وزارة الصحة لجنة الصيادله.docx] Detecting document type completed.
2026-08-04 13:20:23,991 INFO [وزارة الصحة لجنة الصيادله.docx] Extracting metadata...
2026-08-04 13:20:23,993 INFO [وزارة الصحة لجنة الصيادله.docx] Extracting metadata completed.
2026-08-04 13:20:23,993 INFO [وزارة الصحة لجنة الصيادله.docx] Extracting legal content...
2026-08-04 13:20:23,993 INFO [وزارة الصحة لجنة الصيادله.docx] Extracting legal content completed.
2026-08-04 13:20:23,993 INFO [وزارة الصحة لجنة الصيادله.docx] Building JSON...
2026-08-04 13:20:23,993 INFO [وزارة الصحة لجنة الصيادله.docx] Building JSON completed.
2026-08-04 13:20:23,993 INFO [وزارة الصحة لجنة الصيادله.docx] Validating JSON...
2026-08-04 13:20:23,993 INFO [وزارة الصحة لجنة الصيادله.docx] Validating JSON completed.
2026-08-04 13:20:23,993 INFO [وزارة الصحة لجنة الصيادله.docx] Saving output...
2026-08-04 13:20:24,008 INFO [وزارة الصحة لجنة الصيادله.docx] Saving output completed.
2026-08-04 13:20:24,008 INFO [وزارة الصحة لجنة الصيادله.docx] Completed. Output: C:\Users\lenovo\chatbot\parser_app\data\output\وزارة الصحة لجنة الصيادله_4.json
2026-08-04 13:22:27,962 INFO [الدفاع قرار استثناء عقد تصليح طائرات.docx] Loading document...
2026-08-04 13:22:27,966 INFO [الدفاع قرار استثناء عقد تصليح طائرات.docx] Loading document completed.
2026-08-04 13:22:27,966 INFO [الدفاع قرار استثناء عقد تصليح طائرات.docx] Cleaning document...
2026-08-04 13:22:27,966 INFO [الدفاع قرار استثناء عقد تصليح طائرات.docx] Cleaning document completed.
2026-08-04 13:22:27,966 INFO [الدفاع قرار استثناء عقد تصليح طائرات.docx] Detecting document type...
2026-08-04 13:22:27,967 INFO [الدفاع قرار استثناء عقد تصليح طائرات.docx] Detecting document type completed.
2026-08-04 13:22:27,967 INFO [الدفاع قرار استثناء عقد تصليح طائرات.docx] Extracting metadata...
2026-08-04 13:22:27,967 INFO [الدفاع قرار استثناء عقد تصليح طائرات.docx] Extracting metadata completed.
2026-08-04 13:22:27,967 INFO [الدفاع قرار استثناء عقد تصليح طائرات.docx] Extracting legal content...
2026-08-04 13:22:27,967 INFO [الدفاع قرار استثناء عقد تصليح طائرات.docx] Extracting legal content completed.
2026-08-04 13:22:27,967 INFO [الدفاع قرار استثناء عقد تصليح طائرات.docx] Building JSON...
2026-08-04 13:22:27,968 INFO [الدفاع قرار استثناء عقد تصليح طائرات.docx] Building JSON completed.
2026-08-04 13:22:27,968 INFO [الدفاع قرار استثناء عقد تصليح طائرات.docx] Validating JSON...
2026-08-04 13:22:27,968 INFO [الدفاع قرار استثناء عقد تصليح طائرات.docx] Validating JSON completed.
2026-08-04 13:22:27,968 INFO [الدفاع قرار استثناء عقد تصليح طائرات.docx] Saving output...
2026-08-04 13:22:27,984 INFO [الدفاع قرار استثناء عقد تصليح طائرات.docx] Saving output completed.
2026-08-04 13:22:27,984 INFO [الدفاع قرار استثناء عقد تصليح طائرات.docx] Completed. Output: C:\Users\lenovo\chatbot\parser_app\data\output\الدفاع قرار استثناء عقد تصليح طائرات_5.json
2026-08-04 13:22:27,984 INFO [النفط توصية الطاقة حقل الناصرية.docx] Loading document...
2026-08-04 13:22:27,986 INFO [النفط توصية الطاقة حقل الناصرية.docx] Loading document completed.
2026-08-04 13:22:27,986 INFO [النفط توصية الطاقة حقل الناصرية.docx] Cleaning document...
2026-08-04 13:22:27,988 INFO [النفط توصية الطاقة حقل الناصرية.docx] Cleaning document completed.
2026-08-04 13:22:27,988 INFO [النفط توصية الطاقة حقل الناصرية.docx] Detecting document type...
2026-08-04 13:22:27,988 INFO [النفط توصية الطاقة حقل الناصرية.docx] Detecting document type completed.
2026-08-04 13:22:27,988 INFO [النفط توصية الطاقة حقل الناصرية.docx] Extracting metadata...
2026-08-04 13:22:27,989 INFO [النفط توصية الطاقة حقل الناصرية.docx] Extracting metadata completed.
2026-08-04 13:22:27,989 INFO [النفط توصية الطاقة حقل الناصرية.docx] Extracting legal content...
2026-08-04 13:22:27,989 INFO [النفط توصية الطاقة حقل الناصرية.docx] Extracting legal content completed.
2026-08-04 13:22:27,989 INFO [النفط توصية الطاقة حقل الناصرية.docx] Building JSON...
2026-08-04 13:22:27,989 INFO [النفط توصية الطاقة حقل الناصرية.docx] Building JSON completed.
2026-08-04 13:22:27,989 INFO [النفط توصية الطاقة حقل الناصرية.docx] Validating JSON...
2026-08-04 13:22:27,989 INFO [النفط توصية الطاقة حقل الناصرية.docx] Validating JSON completed.
2026-08-04 13:22:27,989 INFO [النفط توصية الطاقة حقل الناصرية.docx] Saving output...
2026-08-04 13:22:28,003 INFO [النفط توصية الطاقة حقل الناصرية.docx] Saving output completed.
2026-08-04 13:22:28,003 INFO [النفط توصية الطاقة حقل الناصرية.docx] Completed. Output: C:\Users\lenovo\chatbot\parser_app\data\output\النفط توصية الطاقة حقل الناصرية_5.json
2026-08-04 13:22:28,003 INFO [قرار استثناء عقد تصليح الطائرات المروحية.docx] Loading document...
2026-08-04 13:22:28,006 INFO [قرار استثناء عقد تصليح الطائرات المروحية.docx] Loading document completed.
2026-08-04 13:22:28,006 INFO [قرار استثناء عقد تصليح الطائرات المروحية.docx] Cleaning document...
2026-08-04 13:22:28,007 INFO [قرار استثناء عقد تصليح الطائرات المروحية.docx] Cleaning document completed.
2026-08-04 13:22:28,007 INFO [قرار استثناء عقد تصليح الطائرات المروحية.docx] Detecting document type...
2026-08-04 13:22:28,007 INFO [قرار استثناء عقد تصليح الطائرات المروحية.docx] Detecting document type completed.
2026-08-04 13:22:28,007 INFO [قرار استثناء عقد تصليح الطائرات المروحية.docx] Extracting metadata...
2026-08-04 13:22:28,007 INFO [قرار استثناء عقد تصليح الطائرات المروحية.docx] Extracting metadata completed.
2026-08-04 13:22:28,007 INFO [قرار استثناء عقد تصليح الطائرات المروحية.docx] Extracting legal content...
2026-08-04 13:22:28,007 INFO [قرار استثناء عقد تصليح الطائرات المروحية.docx] Extracting legal content completed.
2026-08-04 13:22:28,007 INFO [قرار استثناء عقد تصليح الطائرات المروحية.docx] Building JSON...
2026-08-04 13:22:28,007 INFO [قرار استثناء عقد تصليح الطائرات المروحية.docx] Building JSON completed.
2026-08-04 13:22:28,007 INFO [قرار استثناء عقد تصليح الطائرات المروحية.docx] Validating JSON...
2026-08-04 13:22:28,007 INFO [قرار استثناء عقد تصليح الطائرات المروحية.docx] Validating JSON completed.
2026-08-04 13:22:28,007 INFO [قرار استثناء عقد تصليح الطائرات المروحية.docx] Saving output...
2026-08-04 13:22:28,028 INFO [قرار استثناء عقد تصليح الطائرات المروحية.docx] Saving output completed.
2026-08-04 13:22:28,028 INFO [قرار استثناء عقد تصليح الطائرات المروحية.docx] Completed. Output: C:\Users\lenovo\chatbot\parser_app\data\output\قرار استثناء عقد تصليح الطائرات المروحية_7.json
2026-08-04 13:22:28,028 INFO [قرار توصية الطاقة حقل الناصرية.docx] Loading document...
2026-08-04 13:22:28,030 INFO [قرار توصية الطاقة حقل الناصرية.docx] Loading document completed.
2026-08-04 13:22:28,031 INFO [قرار توصية الطاقة حقل الناصرية.docx] Cleaning document...
2026-08-04 13:22:28,032 INFO [قرار توصية الطاقة حقل الناصرية.docx] Cleaning document completed.
2026-08-04 13:22:28,032 INFO [قرار توصية الطاقة حقل الناصرية.docx] Detecting document type...
2026-08-04 13:22:28,032 INFO [قرار توصية الطاقة حقل الناصرية.docx] Detecting document type completed.
2026-08-04 13:22:28,032 INFO [قرار توصية الطاقة حقل الناصرية.docx] Extracting metadata...
2026-08-04 13:22:28,032 INFO [قرار توصية الطاقة حقل الناصرية.docx] Extracting metadata completed.
2026-08-04 13:22:28,032 INFO [قرار توصية الطاقة حقل الناصرية.docx] Extracting legal content...
2026-08-04 13:22:28,032 INFO [قرار توصية الطاقة حقل الناصرية.docx] Extracting legal content completed.
2026-08-04 13:22:28,032 INFO [قرار توصية الطاقة حقل الناصرية.docx] Building JSON...
2026-08-04 13:22:28,034 INFO [قرار توصية الطاقة حقل الناصرية.docx] Building JSON completed.
2026-08-04 13:22:28,034 INFO [قرار توصية الطاقة حقل الناصرية.docx] Validating JSON...
2026-08-04 13:22:28,034 INFO [قرار توصية الطاقة حقل الناصرية.docx] Validating JSON completed.
2026-08-04 13:22:28,034 INFO [قرار توصية الطاقة حقل الناصرية.docx] Saving output...
2026-08-04 13:22:28,055 INFO [قرار توصية الطاقة حقل الناصرية.docx] Saving output completed.
2026-08-04 13:22:28,055 INFO [قرار توصية الطاقة حقل الناصرية.docx] Completed. Output: C:\Users\lenovo\chatbot\parser_app\data\output\قرار توصية الطاقة حقل الناصرية_5.json
2026-08-04 13:22:28,055 INFO [وزارة الصحة لجنة الصيادله.docx] Loading document...
2026-08-04 13:22:28,058 INFO [وزارة الصحة لجنة الصيادله.docx] Loading document completed.
2026-08-04 13:22:28,058 INFO [وزارة الصحة لجنة الصيادله.docx] Cleaning document...
2026-08-04 13:22:28,059 INFO [وزارة الصحة لجنة الصيادله.docx] Cleaning document completed.
2026-08-04 13:22:28,059 INFO [وزارة الصحة لجنة الصيادله.docx] Detecting document type...
2026-08-04 13:22:28,059 INFO [وزارة الصحة لجنة الصيادله.docx] Detecting document type completed.
2026-08-04 13:22:28,059 INFO [وزارة الصحة لجنة الصيادله.docx] Extracting metadata...
2026-08-04 13:22:28,059 INFO [وزارة الصحة لجنة الصيادله.docx] Extracting metadata completed.
2026-08-04 13:22:28,059 INFO [وزارة الصحة لجنة الصيادله.docx] Extracting legal content...
2026-08-04 13:22:28,059 INFO [وزارة الصحة لجنة الصيادله.docx] Extracting legal content completed.
2026-08-04 13:22:28,059 INFO [وزارة الصحة لجنة الصيادله.docx] Building JSON...
2026-08-04 13:22:28,059 INFO [وزارة الصحة لجنة الصيادله.docx] Building JSON completed.
2026-08-04 13:22:28,059 INFO [وزارة الصحة لجنة الصيادله.docx] Validating JSON...
2026-08-04 13:22:28,059 INFO [وزارة الصحة لجنة الصيادله.docx] Validating JSON completed.
2026-08-04 13:22:28,059 INFO [وزارة الصحة لجنة الصيادله.docx] Saving output...
2026-08-04 13:22:28,076 INFO [وزارة الصحة لجنة الصيادله.docx] Saving output completed.
2026-08-04 13:22:28,076 INFO [وزارة الصحة لجنة الصيادله.docx] Completed. Output: C:\Users\lenovo\chatbot\parser_app\data\output\وزارة الصحة لجنة الصيادله_5.json
2026-08-04 13:23:25,948 INFO [الدفاع قرار استثناء عقد تصليح طائرات.docx] Loading document...
2026-08-04 13:23:25,952 INFO [الدفاع قرار استثناء عقد تصليح طائرات.docx] Loading document completed.
2026-08-04 13:23:25,952 INFO [الدفاع قرار استثناء عقد تصليح طائرات.docx] Cleaning document...
2026-08-04 13:23:25,953 INFO [الدفاع قرار استثناء عقد تصليح طائرات.docx] Cleaning document completed.
2026-08-04 13:23:25,953 INFO [الدفاع قرار استثناء عقد تصليح طائرات.docx] Detecting document type...
2026-08-04 13:23:25,953 INFO [الدفاع قرار استثناء عقد تصليح طائرات.docx] Detecting document type completed.
2026-08-04 13:23:25,953 INFO [الدفاع قرار استثناء عقد تصليح طائرات.docx] Extracting metadata...
2026-08-04 13:23:25,954 INFO [الدفاع قرار استثناء عقد تصليح طائرات.docx] Extracting metadata completed.
2026-08-04 13:23:25,954 INFO [الدفاع قرار استثناء عقد تصليح طائرات.docx] Extracting legal content...
2026-08-04 13:23:25,954 INFO [الدفاع قرار استثناء عقد تصليح طائرات.docx] Extracting legal content completed.
2026-08-04 13:23:25,954 INFO [الدفاع قرار استثناء عقد تصليح طائرات.docx] Building JSON...
2026-08-04 13:23:25,954 INFO [الدفاع قرار استثناء عقد تصليح طائرات.docx] Building JSON completed.
2026-08-04 13:23:25,954 INFO [الدفاع قرار استثناء عقد تصليح طائرات.docx] Validating JSON...
2026-08-04 13:23:25,954 INFO [الدفاع قرار استثناء عقد تصليح طائرات.docx] Validating JSON completed.
2026-08-04 13:23:25,954 INFO [الدفاع قرار استثناء عقد تصليح طائرات.docx] Saving output...
2026-08-04 13:23:25,974 INFO [الدفاع قرار استثناء عقد تصليح طائرات.docx] Saving output completed.
2026-08-04 13:23:25,974 INFO [الدفاع قرار استثناء عقد تصليح طائرات.docx] Completed. Output: C:\Users\lenovo\chatbot\parser_app\data\output\الدفاع قرار استثناء عقد تصليح طائرات_6.json
2026-08-04 13:23:25,974 INFO [النفط توصية الطاقة حقل الناصرية.docx] Loading document...
2026-08-04 13:23:25,977 INFO [النفط توصية الطاقة حقل الناصرية.docx] Loading document completed.
2026-08-04 13:23:25,977 INFO [النفط توصية الطاقة حقل الناصرية.docx] Cleaning document...
2026-08-04 13:23:25,978 INFO [النفط توصية الطاقة حقل الناصرية.docx] Cleaning document completed.
2026-08-04 13:23:25,978 INFO [النفط توصية الطاقة حقل الناصرية.docx] Detecting document type...
2026-08-04 13:23:25,978 INFO [النفط توصية الطاقة حقل الناصرية.docx] Detecting document type completed.
2026-08-04 13:23:25,978 INFO [النفط توصية الطاقة حقل الناصرية.docx] Extracting metadata...
2026-08-04 13:23:25,979 INFO [النفط توصية الطاقة حقل الناصرية.docx] Extracting metadata completed.
2026-08-04 13:23:25,979 INFO [النفط توصية الطاقة حقل الناصرية.docx] Extracting legal content...
2026-08-04 13:23:25,979 INFO [النفط توصية الطاقة حقل الناصرية.docx] Extracting legal content completed.
2026-08-04 13:23:25,979 INFO [النفط توصية الطاقة حقل الناصرية.docx] Building JSON...
2026-08-04 13:23:25,979 INFO [النفط توصية الطاقة حقل الناصرية.docx] Building JSON completed.
2026-08-04 13:23:25,979 INFO [النفط توصية الطاقة حقل الناصرية.docx] Validating JSON...
2026-08-04 13:23:25,979 INFO [النفط توصية الطاقة حقل الناصرية.docx] Validating JSON completed.
2026-08-04 13:23:25,979 INFO [النفط توصية الطاقة حقل الناصرية.docx] Saving output...
2026-08-04 13:23:25,989 INFO [النفط توصية الطاقة حقل الناصرية.docx] Saving output completed.
2026-08-04 13:23:25,989 INFO [النفط توصية الطاقة حقل الناصرية.docx] Completed. Output: C:\Users\lenovo\chatbot\parser_app\data\output\النفط توصية الطاقة حقل الناصرية_6.json
2026-08-04 13:23:25,989 INFO [قرار استثناء عقد تصليح الطائرات المروحية.docx] Loading document...
2026-08-04 13:23:25,991 INFO [قرار استثناء عقد تصليح الطائرات المروحية.docx] Loading document completed.
2026-08-04 13:23:25,991 INFO [قرار استثناء عقد تصليح الطائرات المروحية.docx] Cleaning document...
2026-08-04 13:23:25,992 INFO [قرار استثناء عقد تصليح الطائرات المروحية.docx] Cleaning document completed.
2026-08-04 13:23:25,992 INFO [قرار استثناء عقد تصليح الطائرات المروحية.docx] Detecting document type...
2026-08-04 13:23:25,992 INFO [قرار استثناء عقد تصليح الطائرات المروحية.docx] Detecting document type completed.
2026-08-04 13:23:25,992 INFO [قرار استثناء عقد تصليح الطائرات المروحية.docx] Extracting metadata...
2026-08-04 13:23:25,992 INFO [قرار استثناء عقد تصليح الطائرات المروحية.docx] Extracting metadata completed.
2026-08-04 13:23:25,992 INFO [قرار استثناء عقد تصليح الطائرات المروحية.docx] Extracting legal content...
2026-08-04 13:23:25,992 INFO [قرار استثناء عقد تصليح الطائرات المروحية.docx] Extracting legal content completed.
2026-08-04 13:23:25,992 INFO [قرار استثناء عقد تصليح الطائرات المروحية.docx] Building JSON...
2026-08-04 13:23:25,992 INFO [قرار استثناء عقد تصليح الطائرات المروحية.docx] Building JSON completed.
2026-08-04 13:23:25,992 INFO [قرار استثناء عقد تصليح الطائرات المروحية.docx] Validating JSON...
2026-08-04 13:23:25,993 INFO [قرار استثناء عقد تصليح الطائرات المروحية.docx] Validating JSON completed.
2026-08-04 13:23:25,993 INFO [قرار استثناء عقد تصليح الطائرات المروحية.docx] Saving output...
2026-08-04 13:23:26,010 INFO [قرار استثناء عقد تصليح الطائرات المروحية.docx] Saving output completed.
2026-08-04 13:23:26,010 INFO [قرار استثناء عقد تصليح الطائرات المروحية.docx] Completed. Output: C:\Users\lenovo\chatbot\parser_app\data\output\قرار استثناء عقد تصليح الطائرات المروحية_8.json
2026-08-04 13:23:26,010 INFO [قرار توصية الطاقة حقل الناصرية.docx] Loading document...
2026-08-04 13:23:26,012 INFO [قرار توصية الطاقة حقل الناصرية.docx] Loading document completed.
2026-08-04 13:23:26,012 INFO [قرار توصية الطاقة حقل الناصرية.docx] Cleaning document...
2026-08-04 13:23:26,012 INFO [قرار توصية الطاقة حقل الناصرية.docx] Cleaning document completed.
2026-08-04 13:23:26,012 INFO [قرار توصية الطاقة حقل الناصرية.docx] Detecting document type...
2026-08-04 13:23:26,013 INFO [قرار توصية الطاقة حقل الناصرية.docx] Detecting document type completed.
2026-08-04 13:23:26,013 INFO [قرار توصية الطاقة حقل الناصرية.docx] Extracting metadata...
2026-08-04 13:23:26,013 INFO [قرار توصية الطاقة حقل الناصرية.docx] Extracting metadata completed.
2026-08-04 13:23:26,013 INFO [قرار توصية الطاقة حقل الناصرية.docx] Extracting legal content...
2026-08-04 13:23:26,013 INFO [قرار توصية الطاقة حقل الناصرية.docx] Extracting legal content completed.
2026-08-04 13:23:26,013 INFO [قرار توصية الطاقة حقل الناصرية.docx] Building JSON...
2026-08-04 13:23:26,013 INFO [قرار توصية الطاقة حقل الناصرية.docx] Building JSON completed.
2026-08-04 13:23:26,013 INFO [قرار توصية الطاقة حقل الناصرية.docx] Validating JSON...
2026-08-04 13:23:26,013 INFO [قرار توصية الطاقة حقل الناصرية.docx] Validating JSON completed.
2026-08-04 13:23:26,013 INFO [قرار توصية الطاقة حقل الناصرية.docx] Saving output...
2026-08-04 13:23:26,030 INFO [قرار توصية الطاقة حقل الناصرية.docx] Saving output completed.
2026-08-04 13:23:26,030 INFO [قرار توصية الطاقة حقل الناصرية.docx] Completed. Output: C:\Users\lenovo\chatbot\parser_app\data\output\قرار توصية الطاقة حقل الناصرية_6.json
2026-08-04 13:23:26,030 INFO [وزارة الصحة لجنة الصيادله.docx] Loading document...
2026-08-04 13:23:26,033 INFO [وزارة الصحة لجنة الصيادله.docx] Loading document completed.
2026-08-04 13:23:26,033 INFO [وزارة الصحة لجنة الصيادله.docx] Cleaning document...
2026-08-04 13:23:26,034 INFO [وزارة الصحة لجنة الصيادله.docx] Cleaning document completed.
2026-08-04 13:23:26,034 INFO [وزارة الصحة لجنة الصيادله.docx] Detecting document type...
2026-08-04 13:23:26,034 INFO [وزارة الصحة لجنة الصيادله.docx] Detecting document type completed.
2026-08-04 13:23:26,034 INFO [وزارة الصحة لجنة الصيادله.docx] Extracting metadata...
2026-08-04 13:23:26,034 INFO [وزارة الصحة لجنة الصيادله.docx] Extracting metadata completed.
2026-08-04 13:23:26,034 INFO [وزارة الصحة لجنة الصيادله.docx] Extracting legal content...
2026-08-04 13:23:26,034 INFO [وزارة الصحة لجنة الصيادله.docx] Extracting legal content completed.
2026-08-04 13:23:26,034 INFO [وزارة الصحة لجنة الصيادله.docx] Building JSON...
2026-08-04 13:23:26,034 INFO [وزارة الصحة لجنة الصيادله.docx] Building JSON completed.
2026-08-04 13:23:26,034 INFO [وزارة الصحة لجنة الصيادله.docx] Validating JSON...
2026-08-04 13:23:26,034 INFO [وزارة الصحة لجنة الصيادله.docx] Validating JSON completed.
2026-08-04 13:23:26,034 INFO [وزارة الصحة لجنة الصيادله.docx] Saving output...
2026-08-04 13:23:26,049 INFO [وزارة الصحة لجنة الصيادله.docx] Saving output completed.
2026-08-04 13:23:26,049 INFO [وزارة الصحة لجنة الصيادله.docx] Completed. Output: C:\Users\lenovo\chatbot\parser_app\data\output\وزارة الصحة لجنة الصيادله_6.json
2026-08-04 13:23:55,851 INFO [قرار استثناء عقد تصليح الطائرات المروحية.docx] Loading document...
2026-08-04 13:23:55,854 INFO [قرار استثناء عقد تصليح الطائرات المروحية.docx] Loading document completed.
2026-08-04 13:23:55,855 INFO [قرار استثناء عقد تصليح الطائرات المروحية.docx] Cleaning document...
2026-08-04 13:23:55,855 INFO [قرار استثناء عقد تصليح الطائرات المروحية.docx] Cleaning document completed.
2026-08-04 13:23:55,856 INFO [قرار استثناء عقد تصليح الطائرات المروحية.docx] Detecting document type...
2026-08-04 13:23:55,856 INFO [قرار استثناء عقد تصليح الطائرات المروحية.docx] Detecting document type completed.
2026-08-04 13:23:55,856 INFO [قرار استثناء عقد تصليح الطائرات المروحية.docx] Extracting metadata...
2026-08-04 13:23:55,856 INFO [قرار استثناء عقد تصليح الطائرات المروحية.docx] Extracting metadata completed.
2026-08-04 13:23:55,856 INFO [قرار استثناء عقد تصليح الطائرات المروحية.docx] Extracting legal content...
2026-08-04 13:23:55,857 INFO [قرار استثناء عقد تصليح الطائرات المروحية.docx] Extracting legal content completed.
2026-08-04 13:23:55,857 INFO [قرار استثناء عقد تصليح الطائرات المروحية.docx] Building JSON...
2026-08-04 13:23:55,857 INFO [قرار استثناء عقد تصليح الطائرات المروحية.docx] Building JSON completed.
2026-08-04 13:23:55,857 INFO [قرار استثناء عقد تصليح الطائرات المروحية.docx] Validating JSON...
2026-08-04 13:23:55,857 INFO [قرار استثناء عقد تصليح الطائرات المروحية.docx] Validating JSON completed.
2026-08-04 13:23:55,857 INFO [قرار استثناء عقد تصليح الطائرات المروحية.docx] Saving output...
2026-08-04 13:23:55,885 INFO [قرار استثناء عقد تصليح الطائرات المروحية.docx] Saving output completed.
2026-08-04 13:23:55,885 INFO [قرار استثناء عقد تصليح الطائرات المروحية.docx] Completed. Output: C:\Users\lenovo\chatbot\parser_app\data\output\قرار استثناء عقد تصليح الطائرات المروحية_9.json
2026-08-05 14:27:10,182 INFO [الدفاع قرار استثناء عقد تصليح طائرات.docx] Loading document...
2026-08-05 14:27:10,206 INFO [الدفاع قرار استثناء عقد تصليح طائرات.docx] Loading document completed.
2026-08-05 14:27:10,206 INFO [الدفاع قرار استثناء عقد تصليح طائرات.docx] Cleaning document...
2026-08-05 14:27:10,207 INFO [الدفاع قرار استثناء عقد تصليح طائرات.docx] Cleaning document completed.
2026-08-05 14:27:10,207 INFO [الدفاع قرار استثناء عقد تصليح طائرات.docx] Detecting document type...
2026-08-05 14:27:10,207 INFO [الدفاع قرار استثناء عقد تصليح طائرات.docx] Detecting document type completed.
2026-08-05 14:27:10,207 INFO [الدفاع قرار استثناء عقد تصليح طائرات.docx] Extracting metadata...
2026-08-05 14:27:10,207 INFO [الدفاع قرار استثناء عقد تصليح طائرات.docx] Extracting metadata completed.
2026-08-05 14:27:10,207 INFO [الدفاع قرار استثناء عقد تصليح طائرات.docx] Extracting legal content...
2026-08-05 14:27:10,209 INFO [الدفاع قرار استثناء عقد تصليح طائرات.docx] Extracting legal content completed.
2026-08-05 14:27:10,209 INFO [الدفاع قرار استثناء عقد تصليح طائرات.docx] Building JSON...
2026-08-05 14:27:10,209 INFO [الدفاع قرار استثناء عقد تصليح طائرات.docx] Building JSON completed.
2026-08-05 14:27:10,209 INFO [الدفاع قرار استثناء عقد تصليح طائرات.docx] Validating JSON...
2026-08-05 14:27:10,209 INFO [الدفاع قرار استثناء عقد تصليح طائرات.docx] Validating JSON completed.
2026-08-05 14:27:10,209 INFO [الدفاع قرار استثناء عقد تصليح طائرات.docx] Saving output...
2026-08-05 14:27:10,231 INFO [الدفاع قرار استثناء عقد تصليح طائرات.docx] Saving output completed.
2026-08-05 14:27:10,231 INFO [الدفاع قرار استثناء عقد تصليح طائرات.docx] Completed. Output: data\output\الدفاع قرار استثناء عقد تصليح طائرات_7.json
2026-08-05 14:27:10,232 INFO [النفط توصية الطاقة حقل الناصرية.docx] Loading document...
2026-08-05 14:27:10,253 INFO [النفط توصية الطاقة حقل الناصرية.docx] Loading document completed.
2026-08-05 14:27:10,253 INFO [النفط توصية الطاقة حقل الناصرية.docx] Cleaning document...
2026-08-05 14:27:10,254 INFO [النفط توصية الطاقة حقل الناصرية.docx] Cleaning document completed.
2026-08-05 14:27:10,254 INFO [النفط توصية الطاقة حقل الناصرية.docx] Detecting document type...
2026-08-05 14:27:10,255 INFO [النفط توصية الطاقة حقل الناصرية.docx] Detecting document type completed.
2026-08-05 14:27:10,255 INFO [النفط توصية الطاقة حقل الناصرية.docx] Extracting metadata...
2026-08-05 14:27:10,255 INFO [النفط توصية الطاقة حقل الناصرية.docx] Extracting metadata completed.
2026-08-05 14:27:10,255 INFO [النفط توصية الطاقة حقل الناصرية.docx] Extracting legal content...
2026-08-05 14:27:10,255 INFO [النفط توصية الطاقة حقل الناصرية.docx] Extracting legal content completed.
2026-08-05 14:27:10,255 INFO [النفط توصية الطاقة حقل الناصرية.docx] Building JSON...
2026-08-05 14:27:10,255 INFO [النفط توصية الطاقة حقل الناصرية.docx] Building JSON completed.
2026-08-05 14:27:10,255 INFO [النفط توصية الطاقة حقل الناصرية.docx] Validating JSON...
2026-08-05 14:27:10,255 INFO [النفط توصية الطاقة حقل الناصرية.docx] Validating JSON completed.
2026-08-05 14:27:10,255 INFO [النفط توصية الطاقة حقل الناصرية.docx] Saving output...
2026-08-05 14:27:10,277 INFO [النفط توصية الطاقة حقل الناصرية.docx] Saving output completed.
2026-08-05 14:27:10,277 INFO [النفط توصية الطاقة حقل الناصرية.docx] Completed. Output: data\output\النفط توصية الطاقة حقل الناصرية_7.json
2026-08-05 14:27:10,277 INFO [قرار استثناء عقد تصليح الطائرات المروحية.docx] Loading document...
2026-08-05 14:27:10,300 INFO [قرار استثناء عقد تصليح الطائرات المروحية.docx] Loading document completed.
2026-08-05 14:27:10,300 INFO [قرار استثناء عقد تصليح الطائرات المروحية.docx] Cleaning document...
2026-08-05 14:27:10,301 INFO [قرار استثناء عقد تصليح الطائرات المروحية.docx] Cleaning document completed.
2026-08-05 14:27:10,301 INFO [قرار استثناء عقد تصليح الطائرات المروحية.docx] Detecting document type...
2026-08-05 14:27:10,301 INFO [قرار استثناء عقد تصليح الطائرات المروحية.docx] Detecting document type completed.
2026-08-05 14:27:10,301 INFO [قرار استثناء عقد تصليح الطائرات المروحية.docx] Extracting metadata...
2026-08-05 14:27:10,301 INFO [قرار استثناء عقد تصليح الطائرات المروحية.docx] Extracting metadata completed.
2026-08-05 14:27:10,302 INFO [قرار استثناء عقد تصليح الطائرات المروحية.docx] Extracting legal content...
2026-08-05 14:27:10,302 INFO [قرار استثناء عقد تصليح الطائرات المروحية.docx] Extracting legal content completed.
2026-08-05 14:27:10,302 INFO [قرار استثناء عقد تصليح الطائرات المروحية.docx] Building JSON...
2026-08-05 14:27:10,302 INFO [قرار استثناء عقد تصليح الطائرات المروحية.docx] Building JSON completed.
2026-08-05 14:27:10,302 INFO [قرار استثناء عقد تصليح الطائرات المروحية.docx] Validating JSON...
2026-08-05 14:27:10,302 INFO [قرار استثناء عقد تصليح الطائرات المروحية.docx] Validating JSON completed.
2026-08-05 14:27:10,302 INFO [قرار استثناء عقد تصليح الطائرات المروحية.docx] Saving output...
2026-08-05 14:27:10,322 INFO [قرار استثناء عقد تصليح الطائرات المروحية.docx] Saving output completed.
2026-08-05 14:27:10,322 INFO [قرار استثناء عقد تصليح الطائرات المروحية.docx] Completed. Output: data\output\قرار استثناء عقد تصليح الطائرات المروحية_10.json
2026-08-05 14:27:10,322 INFO [قرار توصية الطاقة حقل الناصرية.docx] Loading document...
2026-08-05 14:27:10,325 INFO [قرار توصية الطاقة حقل الناصرية.docx] Loading document completed.
2026-08-05 14:27:10,325 INFO [قرار توصية الطاقة حقل الناصرية.docx] Cleaning document...
2026-08-05 14:27:10,326 INFO [قرار توصية الطاقة حقل الناصرية.docx] Cleaning document completed.
2026-08-05 14:27:10,326 INFO [قرار توصية الطاقة حقل الناصرية.docx] Detecting document type...
2026-08-05 14:27:10,326 INFO [قرار توصية الطاقة حقل الناصرية.docx] Detecting document type completed.
2026-08-05 14:27:10,326 INFO [قرار توصية الطاقة حقل الناصرية.docx] Extracting metadata...
2026-08-05 14:27:10,326 INFO [قرار توصية الطاقة حقل الناصرية.docx] Extracting metadata completed.
2026-08-05 14:27:10,326 INFO [قرار توصية الطاقة حقل الناصرية.docx] Extracting legal content...
2026-08-05 14:27:10,326 INFO [قرار توصية الطاقة حقل الناصرية.docx] Extracting legal content completed.
2026-08-05 14:27:10,326 INFO [قرار توصية الطاقة حقل الناصرية.docx] Building JSON...
2026-08-05 14:27:10,326 INFO [قرار توصية الطاقة حقل الناصرية.docx] Building JSON completed.
2026-08-05 14:27:10,326 INFO [قرار توصية الطاقة حقل الناصرية.docx] Validating JSON...
2026-08-05 14:27:10,326 INFO [قرار توصية الطاقة حقل الناصرية.docx] Validating JSON completed.
2026-08-05 14:27:10,327 INFO [قرار توصية الطاقة حقل الناصرية.docx] Saving output...
2026-08-05 14:27:10,348 INFO [قرار توصية الطاقة حقل الناصرية.docx] Saving output completed.
2026-08-05 14:27:10,349 INFO [قرار توصية الطاقة حقل الناصرية.docx] Completed. Output: data\output\قرار توصية الطاقة حقل الناصرية_7.json
2026-08-05 14:27:10,349 INFO [وزارة الصحة لجنة الصيادله.docx] Loading document...
2026-08-05 14:27:10,372 INFO [وزارة الصحة لجنة الصيادله.docx] Loading document completed.
2026-08-05 14:27:10,372 INFO [وزارة الصحة لجنة الصيادله.docx] Cleaning document...
2026-08-05 14:27:10,375 INFO [وزارة الصحة لجنة الصيادله.docx] Cleaning document completed.
2026-08-05 14:27:10,375 INFO [وزارة الصحة لجنة الصيادله.docx] Detecting document type...
2026-08-05 14:27:10,375 INFO [وزارة الصحة لجنة الصيادله.docx] Detecting document type completed.
2026-08-05 14:27:10,375 INFO [وزارة الصحة لجنة الصيادله.docx] Extracting metadata...
2026-08-05 14:27:10,375 INFO [وزارة الصحة لجنة الصيادله.docx] Extracting metadata completed.
2026-08-05 14:27:10,375 INFO [وزارة الصحة لجنة الصيادله.docx] Extracting legal content...
2026-08-05 14:27:10,376 INFO [وزارة الصحة لجنة الصيادله.docx] Extracting legal content completed.
2026-08-05 14:27:10,376 INFO [وزارة الصحة لجنة الصيادله.docx] Building JSON...
2026-08-05 14:27:10,376 INFO [وزارة الصحة لجنة الصيادله.docx] Building JSON completed.
2026-08-05 14:27:10,376 INFO [وزارة الصحة لجنة الصيادله.docx] Validating JSON...
2026-08-05 14:27:10,376 INFO [وزارة الصحة لجنة الصيادله.docx] Validating JSON completed.
2026-08-05 14:27:10,376 INFO [وزارة الصحة لجنة الصيادله.docx] Saving output...
2026-08-05 14:27:10,398 INFO [وزارة الصحة لجنة الصيادله.docx] Saving output completed.
2026-08-05 14:27:10,399 INFO [وزارة الصحة لجنة الصيادله.docx] Completed. Output: data\output\وزارة الصحة لجنة الصيادله_7.json
2026-08-05 14:31:11,206 INFO [الدفاع قرار استثناء عقد تصليح طائرات.docx] Loading document...
2026-08-05 14:31:11,211 INFO [الدفاع قرار استثناء عقد تصليح طائرات.docx] Loading document completed.
2026-08-05 14:31:11,211 INFO [الدفاع قرار استثناء عقد تصليح طائرات.docx] Cleaning document...
2026-08-05 14:31:11,212 INFO [الدفاع قرار استثناء عقد تصليح طائرات.docx] Cleaning document completed.
2026-08-05 14:31:11,212 INFO [الدفاع قرار استثناء عقد تصليح طائرات.docx] Detecting document type...
2026-08-05 14:31:11,212 INFO [الدفاع قرار استثناء عقد تصليح طائرات.docx] Detecting document type completed.
2026-08-05 14:31:11,212 INFO [الدفاع قرار استثناء عقد تصليح طائرات.docx] Extracting metadata...
2026-08-05 14:31:11,212 INFO [الدفاع قرار استثناء عقد تصليح طائرات.docx] Extracting metadata completed.
2026-08-05 14:31:11,212 INFO [الدفاع قرار استثناء عقد تصليح طائرات.docx] Extracting legal content...
2026-08-05 14:31:11,213 INFO [الدفاع قرار استثناء عقد تصليح طائرات.docx] Extracting legal content completed.
2026-08-05 14:31:11,213 INFO [الدفاع قرار استثناء عقد تصليح طائرات.docx] Building JSON...
2026-08-05 14:31:11,213 INFO [الدفاع قرار استثناء عقد تصليح طائرات.docx] Building JSON completed.
2026-08-05 14:31:11,213 INFO [الدفاع قرار استثناء عقد تصليح طائرات.docx] Validating JSON...
2026-08-05 14:31:11,213 INFO [الدفاع قرار استثناء عقد تصليح طائرات.docx] Validating JSON completed.
2026-08-05 14:31:11,213 INFO [الدفاع قرار استثناء عقد تصليح طائرات.docx] Saving output...
2026-08-05 14:31:11,223 INFO [الدفاع قرار استثناء عقد تصليح طائرات.docx] Saving output completed.
2026-08-05 14:31:11,223 INFO [الدفاع قرار استثناء عقد تصليح طائرات.docx] Completed. Output: data\output\الدفاع قرار استثناء عقد تصليح طائرات_8.json
2026-08-05 14:31:11,223 INFO [النفط توصية الطاقة حقل الناصرية.docx] Loading document...
2026-08-05 14:31:11,226 INFO [النفط توصية الطاقة حقل الناصرية.docx] Loading document completed.
2026-08-05 14:31:11,226 INFO [النفط توصية الطاقة حقل الناصرية.docx] Cleaning document...
2026-08-05 14:31:11,227 INFO [النفط توصية الطاقة حقل الناصرية.docx] Cleaning document completed.
2026-08-05 14:31:11,227 INFO [النفط توصية الطاقة حقل الناصرية.docx] Detecting document type...
2026-08-05 14:31:11,227 INFO [النفط توصية الطاقة حقل الناصرية.docx] Detecting document type completed.
2026-08-05 14:31:11,227 INFO [النفط توصية الطاقة حقل الناصرية.docx] Extracting metadata...
2026-08-05 14:31:11,227 INFO [النفط توصية الطاقة حقل الناصرية.docx] Extracting metadata completed.
2026-08-05 14:31:11,227 INFO [النفط توصية الطاقة حقل الناصرية.docx] Extracting legal content...
2026-08-05 14:31:11,227 INFO [النفط توصية الطاقة حقل الناصرية.docx] Extracting legal content completed.
2026-08-05 14:31:11,228 INFO [النفط توصية الطاقة حقل الناصرية.docx] Building JSON...
2026-08-05 14:31:11,228 INFO [النفط توصية الطاقة حقل الناصرية.docx] Building JSON completed.
2026-08-05 14:31:11,228 INFO [النفط توصية الطاقة حقل الناصرية.docx] Validating JSON...
2026-08-05 14:31:11,228 INFO [النفط توصية الطاقة حقل الناصرية.docx] Validating JSON completed.
2026-08-05 14:31:11,228 INFO [النفط توصية الطاقة حقل الناصرية.docx] Saving output...
2026-08-05 14:31:11,247 INFO [النفط توصية الطاقة حقل الناصرية.docx] Saving output completed.
2026-08-05 14:31:11,247 INFO [النفط توصية الطاقة حقل الناصرية.docx] Completed. Output: data\output\النفط توصية الطاقة حقل الناصرية_8.json
2026-08-05 14:31:11,247 INFO [قرار استثناء عقد تصليح الطائرات المروحية.docx] Loading document...
2026-08-05 14:31:11,249 INFO [قرار استثناء عقد تصليح الطائرات المروحية.docx] Loading document completed.
2026-08-05 14:31:11,249 INFO [قرار استثناء عقد تصليح الطائرات المروحية.docx] Cleaning document...
2026-08-05 14:31:11,249 INFO [قرار استثناء عقد تصليح الطائرات المروحية.docx] Cleaning document completed.
2026-08-05 14:31:11,249 INFO [قرار استثناء عقد تصليح الطائرات المروحية.docx] Detecting document type...
2026-08-05 14:31:11,249 INFO [قرار استثناء عقد تصليح الطائرات المروحية.docx] Detecting document type completed.
2026-08-05 14:31:11,249 INFO [قرار استثناء عقد تصليح الطائرات المروحية.docx] Extracting metadata...
2026-08-05 14:31:11,250 INFO [قرار استثناء عقد تصليح الطائرات المروحية.docx] Extracting metadata completed.
2026-08-05 14:31:11,250 INFO [قرار استثناء عقد تصليح الطائرات المروحية.docx] Extracting legal content...
2026-08-05 14:31:11,250 INFO [قرار استثناء عقد تصليح الطائرات المروحية.docx] Extracting legal content completed.
2026-08-05 14:31:11,250 INFO [قرار استثناء عقد تصليح الطائرات المروحية.docx] Building JSON...
2026-08-05 14:31:11,250 INFO [قرار استثناء عقد تصليح الطائرات المروحية.docx] Building JSON completed.
2026-08-05 14:31:11,250 INFO [قرار استثناء عقد تصليح الطائرات المروحية.docx] Validating JSON...
2026-08-05 14:31:11,250 INFO [قرار استثناء عقد تصليح الطائرات المروحية.docx] Validating JSON completed.
2026-08-05 14:31:11,250 INFO [قرار استثناء عقد تصليح الطائرات المروحية.docx] Saving output...
2026-08-05 14:31:11,268 INFO [قرار استثناء عقد تصليح الطائرات المروحية.docx] Saving output completed.
2026-08-05 14:31:11,268 INFO [قرار استثناء عقد تصليح الطائرات المروحية.docx] Completed. Output: data\output\قرار استثناء عقد تصليح الطائرات المروحية_11.json
2026-08-05 14:31:11,268 INFO [قرار توصية الطاقة حقل الناصرية.docx] Loading document...
2026-08-05 14:31:11,271 INFO [قرار توصية الطاقة حقل الناصرية.docx] Loading document completed.
2026-08-05 14:31:11,271 INFO [قرار توصية الطاقة حقل الناصرية.docx] Cleaning document...
2026-08-05 14:31:11,271 INFO [قرار توصية الطاقة حقل الناصرية.docx] Cleaning document completed.
2026-08-05 14:31:11,271 INFO [قرار توصية الطاقة حقل الناصرية.docx] Detecting document type...
2026-08-05 14:31:11,272 INFO [قرار توصية الطاقة حقل الناصرية.docx] Detecting document type completed.
2026-08-05 14:31:11,272 INFO [قرار توصية الطاقة حقل الناصرية.docx] Extracting metadata...
2026-08-05 14:31:11,272 INFO [قرار توصية الطاقة حقل الناصرية.docx] Extracting metadata completed.
2026-08-05 14:31:11,272 INFO [قرار توصية الطاقة حقل الناصرية.docx] Extracting legal content...
2026-08-05 14:31:11,272 INFO [قرار توصية الطاقة حقل الناصرية.docx] Extracting legal content completed.
2026-08-05 14:31:11,272 INFO [قرار توصية الطاقة حقل الناصرية.docx] Building JSON...
2026-08-05 14:31:11,273 INFO [قرار توصية الطاقة حقل الناصرية.docx] Building JSON completed.
2026-08-05 14:31:11,273 INFO [قرار توصية الطاقة حقل الناصرية.docx] Validating JSON...
2026-08-05 14:31:11,273 INFO [قرار توصية الطاقة حقل الناصرية.docx] Validating JSON completed.
2026-08-05 14:31:11,273 INFO [قرار توصية الطاقة حقل الناصرية.docx] Saving output...
2026-08-05 14:31:11,292 INFO [قرار توصية الطاقة حقل الناصرية.docx] Saving output completed.
2026-08-05 14:31:11,292 INFO [قرار توصية الطاقة حقل الناصرية.docx] Completed. Output: data\output\قرار توصية الطاقة حقل الناصرية_8.json
2026-08-05 14:31:11,292 INFO [وزارة الصحة لجنة الصيادله.docx] Loading document...
2026-08-05 14:31:11,293 INFO [وزارة الصحة لجنة الصيادله.docx] Loading document completed.
2026-08-05 14:31:11,293 INFO [وزارة الصحة لجنة الصيادله.docx] Cleaning document...
2026-08-05 14:31:11,295 INFO [وزارة الصحة لجنة الصيادله.docx] Cleaning document completed.
2026-08-05 14:31:11,295 INFO [وزارة الصحة لجنة الصيادله.docx] Detecting document type...
2026-08-05 14:31:11,295 INFO [وزارة الصحة لجنة الصيادله.docx] Detecting document type completed.
2026-08-05 14:31:11,295 INFO [وزارة الصحة لجنة الصيادله.docx] Extracting metadata...
2026-08-05 14:31:11,295 INFO [وزارة الصحة لجنة الصيادله.docx] Extracting metadata completed.
2026-08-05 14:31:11,295 INFO [وزارة الصحة لجنة الصيادله.docx] Extracting legal content...
2026-08-05 14:31:11,296 INFO [وزارة الصحة لجنة الصيادله.docx] Extracting legal content completed.
2026-08-05 14:31:11,296 INFO [وزارة الصحة لجنة الصيادله.docx] Building JSON...
2026-08-05 14:31:11,296 INFO [وزارة الصحة لجنة الصيادله.docx] Building JSON completed.
2026-08-05 14:31:11,296 INFO [وزارة الصحة لجنة الصيادله.docx] Validating JSON...
2026-08-05 14:31:11,296 INFO [وزارة الصحة لجنة الصيادله.docx] Validating JSON completed.
2026-08-05 14:31:11,296 INFO [وزارة الصحة لجنة الصيادله.docx] Saving output...
2026-08-05 14:31:11,310 INFO [وزارة الصحة لجنة الصيادله.docx] Saving output completed.
2026-08-05 14:31:11,311 INFO [وزارة الصحة لجنة الصيادله.docx] Completed. Output: data\output\وزارة الصحة لجنة الصيادله_8.json
2026-08-05 14:32:15,494 INFO [الدفاع قرار استثناء عقد تصليح طائرات.docx] Loading document...
2026-08-05 14:32:15,497 INFO [الدفاع قرار استثناء عقد تصليح طائرات.docx] Loading document completed.
2026-08-05 14:32:15,497 INFO [الدفاع قرار استثناء عقد تصليح طائرات.docx] Cleaning document...
2026-08-05 14:32:15,498 INFO [الدفاع قرار استثناء عقد تصليح طائرات.docx] Cleaning document completed.
2026-08-05 14:32:15,498 INFO [الدفاع قرار استثناء عقد تصليح طائرات.docx] Detecting document type...
2026-08-05 14:32:15,498 INFO [الدفاع قرار استثناء عقد تصليح طائرات.docx] Detecting document type completed.
2026-08-05 14:32:15,498 INFO [الدفاع قرار استثناء عقد تصليح طائرات.docx] Extracting metadata...
2026-08-05 14:32:15,498 INFO [الدفاع قرار استثناء عقد تصليح طائرات.docx] Extracting metadata completed.
2026-08-05 14:32:15,499 INFO [الدفاع قرار استثناء عقد تصليح طائرات.docx] Extracting legal content...
2026-08-05 14:32:15,499 INFO [الدفاع قرار استثناء عقد تصليح طائرات.docx] Extracting legal content completed.
2026-08-05 14:32:15,499 INFO [الدفاع قرار استثناء عقد تصليح طائرات.docx] Building JSON...
2026-08-05 14:32:15,499 INFO [الدفاع قرار استثناء عقد تصليح طائرات.docx] Building JSON completed.
2026-08-05 14:32:15,499 INFO [الدفاع قرار استثناء عقد تصليح طائرات.docx] Validating JSON...
2026-08-05 14:32:15,499 INFO [الدفاع قرار استثناء عقد تصليح طائرات.docx] Validating JSON completed.
2026-08-05 14:32:15,499 INFO [الدفاع قرار استثناء عقد تصليح طائرات.docx] Saving output...
2026-08-05 14:32:15,513 INFO [الدفاع قرار استثناء عقد تصليح طائرات.docx] Saving output completed.
2026-08-05 14:32:15,513 INFO [الدفاع قرار استثناء عقد تصليح طائرات.docx] Completed. Output: data\output\الدفاع قرار استثناء عقد تصليح طائرات_9.json
2026-08-05 14:32:15,513 INFO [النفط توصية الطاقة حقل الناصرية.docx] Loading document...
2026-08-05 14:32:15,516 INFO [النفط توصية الطاقة حقل الناصرية.docx] Loading document completed.
2026-08-05 14:32:15,516 INFO [النفط توصية الطاقة حقل الناصرية.docx] Cleaning document...
2026-08-05 14:32:15,517 INFO [النفط توصية الطاقة حقل الناصرية.docx] Cleaning document completed.
2026-08-05 14:32:15,517 INFO [النفط توصية الطاقة حقل الناصرية.docx] Detecting document type...
2026-08-05 14:32:15,517 INFO [النفط توصية الطاقة حقل الناصرية.docx] Detecting document type completed.
2026-08-05 14:32:15,517 INFO [النفط توصية الطاقة حقل الناصرية.docx] Extracting metadata...
2026-08-05 14:32:15,518 INFO [النفط توصية الطاقة حقل الناصرية.docx] Extracting metadata completed.
2026-08-05 14:32:15,518 INFO [النفط توصية الطاقة حقل الناصرية.docx] Extracting legal content...
2026-08-05 14:32:15,518 INFO [النفط توصية الطاقة حقل الناصرية.docx] Extracting legal content completed.
2026-08-05 14:32:15,518 INFO [النفط توصية الطاقة حقل الناصرية.docx] Building JSON...
2026-08-05 14:32:15,518 INFO [النفط توصية الطاقة حقل الناصرية.docx] Building JSON completed.
2026-08-05 14:32:15,518 INFO [النفط توصية الطاقة حقل الناصرية.docx] Validating JSON...
2026-08-05 14:32:15,518 INFO [النفط توصية الطاقة حقل الناصرية.docx] Validating JSON completed.
2026-08-05 14:32:15,518 INFO [النفط توصية الطاقة حقل الناصرية.docx] Saving output...
2026-08-05 14:32:15,539 INFO [النفط توصية الطاقة حقل الناصرية.docx] Saving output completed.
2026-08-05 14:32:15,539 INFO [النفط توصية الطاقة حقل الناصرية.docx] Completed. Output: data\output\النفط توصية الطاقة حقل الناصرية_9.json
2026-08-05 14:32:15,539 INFO [قرار استثناء عقد تصليح الطائرات المروحية.docx] Loading document...
2026-08-05 14:32:15,541 INFO [قرار استثناء عقد تصليح الطائرات المروحية.docx] Loading document completed.
2026-08-05 14:32:15,541 INFO [قرار استثناء عقد تصليح الطائرات المروحية.docx] Cleaning document...
2026-08-05 14:32:15,542 INFO [قرار استثناء عقد تصليح الطائرات المروحية.docx] Cleaning document completed.
2026-08-05 14:32:15,542 INFO [قرار استثناء عقد تصليح الطائرات المروحية.docx] Detecting document type...
2026-08-05 14:32:15,542 INFO [قرار استثناء عقد تصليح الطائرات المروحية.docx] Detecting document type completed.
2026-08-05 14:32:15,542 INFO [قرار استثناء عقد تصليح الطائرات المروحية.docx] Extracting metadata...
2026-08-05 14:32:15,542 INFO [قرار استثناء عقد تصليح الطائرات المروحية.docx] Extracting metadata completed.
2026-08-05 14:32:15,542 INFO [قرار استثناء عقد تصليح الطائرات المروحية.docx] Extracting legal content...
2026-08-05 14:32:15,542 INFO [قرار استثناء عقد تصليح الطائرات المروحية.docx] Extracting legal content completed.
2026-08-05 14:32:15,542 INFO [قرار استثناء عقد تصليح الطائرات المروحية.docx] Building JSON...
2026-08-05 14:32:15,542 INFO [قرار استثناء عقد تصليح الطائرات المروحية.docx] Building JSON completed.
2026-08-05 14:32:15,542 INFO [قرار استثناء عقد تصليح الطائرات المروحية.docx] Validating JSON...
2026-08-05 14:32:15,542 INFO [قرار استثناء عقد تصليح الطائرات المروحية.docx] Validating JSON completed.
2026-08-05 14:32:15,542 INFO [قرار استثناء عقد تصليح الطائرات المروحية.docx] Saving output...
2026-08-05 14:32:15,569 INFO [قرار استثناء عقد تصليح الطائرات المروحية.docx] Saving output completed.
2026-08-05 14:32:15,569 INFO [قرار استثناء عقد تصليح الطائرات المروحية.docx] Completed. Output: data\output\قرار استثناء عقد تصليح الطائرات المروحية_12.json
2026-08-05 14:32:15,569 INFO [قرار توصية الطاقة حقل الناصرية.docx] Loading document...
2026-08-05 14:32:15,572 INFO [قرار توصية الطاقة حقل الناصرية.docx] Loading document completed.
2026-08-05 14:32:15,572 INFO [قرار توصية الطاقة حقل الناصرية.docx] Cleaning document...
2026-08-05 14:32:15,573 INFO [قرار توصية الطاقة حقل الناصرية.docx] Cleaning document completed.
2026-08-05 14:32:15,573 INFO [قرار توصية الطاقة حقل الناصرية.docx] Detecting document type...
2026-08-05 14:32:15,573 INFO [قرار توصية الطاقة حقل الناصرية.docx] Detecting document type completed.
2026-08-05 14:32:15,573 INFO [قرار توصية الطاقة حقل الناصرية.docx] Extracting metadata...
2026-08-05 14:32:15,573 INFO [قرار توصية الطاقة حقل الناصرية.docx] Extracting metadata completed.
2026-08-05 14:32:15,573 INFO [قرار توصية الطاقة حقل الناصرية.docx] Extracting legal content...
2026-08-05 14:32:15,573 INFO [قرار توصية الطاقة حقل الناصرية.docx] Extracting legal content completed.
2026-08-05 14:32:15,573 INFO [قرار توصية الطاقة حقل الناصرية.docx] Building JSON...
2026-08-05 14:32:15,574 INFO [قرار توصية الطاقة حقل الناصرية.docx] Building JSON completed.
2026-08-05 14:32:15,574 INFO [قرار توصية الطاقة حقل الناصرية.docx] Validating JSON...
2026-08-05 14:32:15,574 INFO [قرار توصية الطاقة حقل الناصرية.docx] Validating JSON completed.
2026-08-05 14:32:15,574 INFO [قرار توصية الطاقة حقل الناصرية.docx] Saving output...
2026-08-05 14:32:15,590 INFO [قرار توصية الطاقة حقل الناصرية.docx] Saving output completed.
2026-08-05 14:32:15,590 INFO [قرار توصية الطاقة حقل الناصرية.docx] Completed. Output: data\output\قرار توصية الطاقة حقل الناصرية_9.json
2026-08-05 14:32:15,590 INFO [وزارة الصحة لجنة الصيادله.docx] Loading document...
2026-08-05 14:32:15,592 INFO [وزارة الصحة لجنة الصيادله.docx] Loading document completed.
2026-08-05 14:32:15,592 INFO [وزارة الصحة لجنة الصيادله.docx] Cleaning document...
2026-08-05 14:32:15,593 INFO [وزارة الصحة لجنة الصيادله.docx] Cleaning document completed.
2026-08-05 14:32:15,593 INFO [وزارة الصحة لجنة الصيادله.docx] Detecting document type...
2026-08-05 14:32:15,593 INFO [وزارة الصحة لجنة الصيادله.docx] Detecting document type completed.
2026-08-05 14:32:15,593 INFO [وزارة الصحة لجنة الصيادله.docx] Extracting metadata...
2026-08-05 14:32:15,593 INFO [وزارة الصحة لجنة الصيادله.docx] Extracting metadata completed.
2026-08-05 14:32:15,593 INFO [وزارة الصحة لجنة الصيادله.docx] Extracting legal content...
2026-08-05 14:32:15,593 INFO [وزارة الصحة لجنة الصيادله.docx] Extracting legal content completed.
2026-08-05 14:32:15,593 INFO [وزارة الصحة لجنة الصيادله.docx] Building JSON...
2026-08-05 14:32:15,593 INFO [وزارة الصحة لجنة الصيادله.docx] Building JSON completed.
2026-08-05 14:32:15,593 INFO [وزارة الصحة لجنة الصيادله.docx] Validating JSON...
2026-08-05 14:32:15,593 INFO [وزارة الصحة لجنة الصيادله.docx] Validating JSON completed.
2026-08-05 14:32:15,593 INFO [وزارة الصحة لجنة الصيادله.docx] Saving output...
2026-08-05 14:32:15,609 INFO [وزارة الصحة لجنة الصيادله.docx] Saving output completed.
2026-08-05 14:32:15,609 INFO [وزارة الصحة لجنة الصيادله.docx] Completed. Output: data\output\وزارة الصحة لجنة الصيادله_9.json
2026-08-05 14:34:09,567 INFO [الدفاع قرار استثناء عقد تصليح طائرات.docx] Loading document...
2026-08-05 14:34:09,571 INFO [الدفاع قرار استثناء عقد تصليح طائرات.docx] Loading document completed.
2026-08-05 14:34:09,572 INFO [الدفاع قرار استثناء عقد تصليح طائرات.docx] Cleaning document...
2026-08-05 14:34:09,572 INFO [الدفاع قرار استثناء عقد تصليح طائرات.docx] Cleaning document completed.
2026-08-05 14:34:09,572 INFO [الدفاع قرار استثناء عقد تصليح طائرات.docx] Detecting document type...
2026-08-05 14:34:09,573 INFO [الدفاع قرار استثناء عقد تصليح طائرات.docx] Detecting document type completed.
2026-08-05 14:34:09,573 INFO [الدفاع قرار استثناء عقد تصليح طائرات.docx] Extracting metadata...
2026-08-05 14:34:09,573 INFO [الدفاع قرار استثناء عقد تصليح طائرات.docx] Extracting metadata completed.
2026-08-05 14:34:09,573 INFO [الدفاع قرار استثناء عقد تصليح طائرات.docx] Extracting legal content...
2026-08-05 14:34:09,574 INFO [الدفاع قرار استثناء عقد تصليح طائرات.docx] Extracting legal content completed.
2026-08-05 14:34:09,574 INFO [الدفاع قرار استثناء عقد تصليح طائرات.docx] Building JSON...
2026-08-05 14:34:09,574 INFO [الدفاع قرار استثناء عقد تصليح طائرات.docx] Building JSON completed.
2026-08-05 14:34:09,574 INFO [الدفاع قرار استثناء عقد تصليح طائرات.docx] Validating JSON...
2026-08-05 14:34:09,574 INFO [الدفاع قرار استثناء عقد تصليح طائرات.docx] Validating JSON completed.
2026-08-05 14:34:09,574 INFO [الدفاع قرار استثناء عقد تصليح طائرات.docx] Saving output...
2026-08-05 14:34:09,593 INFO [الدفاع قرار استثناء عقد تصليح طائرات.docx] Saving output completed.
2026-08-05 14:34:09,593 INFO [الدفاع قرار استثناء عقد تصليح طائرات.docx] Completed. Output: data\output\الدفاع قرار استثناء عقد تصليح طائرات_10.json
2026-08-05 14:34:09,593 INFO [النفط توصية الطاقة حقل الناصرية.docx] Loading document...
2026-08-05 14:34:09,597 INFO [النفط توصية الطاقة حقل الناصرية.docx] Loading document completed.
2026-08-05 14:34:09,597 INFO [النفط توصية الطاقة حقل الناصرية.docx] Cleaning document...
2026-08-05 14:34:09,599 INFO [النفط توصية الطاقة حقل الناصرية.docx] Cleaning document completed.
2026-08-05 14:34:09,599 INFO [النفط توصية الطاقة حقل الناصرية.docx] Detecting document type...
2026-08-05 14:34:09,600 INFO [النفط توصية الطاقة حقل الناصرية.docx] Detecting document type completed.
2026-08-05 14:34:09,600 INFO [النفط توصية الطاقة حقل الناصرية.docx] Extracting metadata...
2026-08-05 14:34:09,600 INFO [النفط توصية الطاقة حقل الناصرية.docx] Extracting metadata completed.
2026-08-05 14:34:09,600 INFO [النفط توصية الطاقة حقل الناصرية.docx] Extracting legal content...
2026-08-05 14:34:09,600 INFO [النفط توصية الطاقة حقل الناصرية.docx] Extracting legal content completed.
2026-08-05 14:34:09,600 INFO [النفط توصية الطاقة حقل الناصرية.docx] Building JSON...
2026-08-05 14:34:09,601 INFO [النفط توصية الطاقة حقل الناصرية.docx] Building JSON completed.
2026-08-05 14:34:09,601 INFO [النفط توصية الطاقة حقل الناصرية.docx] Validating JSON...
2026-08-05 14:34:09,601 INFO [النفط توصية الطاقة حقل الناصرية.docx] Validating JSON completed.
2026-08-05 14:34:09,601 INFO [النفط توصية الطاقة حقل الناصرية.docx] Saving output...
2026-08-05 14:34:09,626 INFO [النفط توصية الطاقة حقل الناصرية.docx] Saving output completed.
2026-08-05 14:34:09,626 INFO [النفط توصية الطاقة حقل الناصرية.docx] Completed. Output: data\output\النفط توصية الطاقة حقل الناصرية_10.json
2026-08-05 14:34:09,626 INFO [قرار استثناء عقد تصليح الطائرات المروحية.docx] Loading document...
2026-08-05 14:34:09,627 INFO [قرار استثناء عقد تصليح الطائرات المروحية.docx] Loading document completed.
2026-08-05 14:34:09,627 INFO [قرار استثناء عقد تصليح الطائرات المروحية.docx] Cleaning document...
2026-08-05 14:34:09,628 INFO [قرار استثناء عقد تصليح الطائرات المروحية.docx] Cleaning document completed.
2026-08-05 14:34:09,628 INFO [قرار استثناء عقد تصليح الطائرات المروحية.docx] Detecting document type...
2026-08-05 14:34:09,629 INFO [قرار استثناء عقد تصليح الطائرات المروحية.docx] Detecting document type completed.
2026-08-05 14:34:09,629 INFO [قرار استثناء عقد تصليح الطائرات المروحية.docx] Extracting metadata...
2026-08-05 14:34:09,629 INFO [قرار استثناء عقد تصليح الطائرات المروحية.docx] Extracting metadata completed.
2026-08-05 14:34:09,629 INFO [قرار استثناء عقد تصليح الطائرات المروحية.docx] Extracting legal content...
2026-08-05 14:34:09,629 INFO [قرار استثناء عقد تصليح الطائرات المروحية.docx] Extracting legal content completed.
2026-08-05 14:34:09,629 INFO [قرار استثناء عقد تصليح الطائرات المروحية.docx] Building JSON...
2026-08-05 14:34:09,630 INFO [قرار استثناء عقد تصليح الطائرات المروحية.docx] Building JSON completed.
2026-08-05 14:34:09,630 INFO [قرار استثناء عقد تصليح الطائرات المروحية.docx] Validating JSON...
2026-08-05 14:34:09,630 INFO [قرار استثناء عقد تصليح الطائرات المروحية.docx] Validating JSON completed.
2026-08-05 14:34:09,630 INFO [قرار استثناء عقد تصليح الطائرات المروحية.docx] Saving output...
2026-08-05 14:34:09,645 INFO [قرار استثناء عقد تصليح الطائرات المروحية.docx] Saving output completed.
2026-08-05 14:34:09,645 INFO [قرار استثناء عقد تصليح الطائرات المروحية.docx] Completed. Output: data\output\قرار استثناء عقد تصليح الطائرات المروحية_13.json
2026-08-05 14:34:09,645 INFO [قرار توصية الطاقة حقل الناصرية.docx] Loading document...
2026-08-05 14:34:09,646 INFO [قرار توصية الطاقة حقل الناصرية.docx] Loading document completed.
2026-08-05 14:34:09,646 INFO [قرار توصية الطاقة حقل الناصرية.docx] Cleaning document...
2026-08-05 14:34:09,647 INFO [قرار توصية الطاقة حقل الناصرية.docx] Cleaning document completed.
2026-08-05 14:34:09,647 INFO [قرار توصية الطاقة حقل الناصرية.docx] Detecting document type...
2026-08-05 14:34:09,647 INFO [قرار توصية الطاقة حقل الناصرية.docx] Detecting document type completed.
2026-08-05 14:34:09,647 INFO [قرار توصية الطاقة حقل الناصرية.docx] Extracting metadata...
2026-08-05 14:34:09,647 INFO [قرار توصية الطاقة حقل الناصرية.docx] Extracting metadata completed.
2026-08-05 14:34:09,647 INFO [قرار توصية الطاقة حقل الناصرية.docx] Extracting legal content...
2026-08-05 14:34:09,648 INFO [قرار توصية الطاقة حقل الناصرية.docx] Extracting legal content completed.
2026-08-05 14:34:09,648 INFO [قرار توصية الطاقة حقل الناصرية.docx] Building JSON...
2026-08-05 14:34:09,648 INFO [قرار توصية الطاقة حقل الناصرية.docx] Building JSON completed.
2026-08-05 14:34:09,648 INFO [قرار توصية الطاقة حقل الناصرية.docx] Validating JSON...
2026-08-05 14:34:09,648 INFO [قرار توصية الطاقة حقل الناصرية.docx] Validating JSON completed.
2026-08-05 14:34:09,648 INFO [قرار توصية الطاقة حقل الناصرية.docx] Saving output...
2026-08-05 14:34:09,674 INFO [قرار توصية الطاقة حقل الناصرية.docx] Saving output completed.
2026-08-05 14:34:09,674 INFO [قرار توصية الطاقة حقل الناصرية.docx] Completed. Output: data\output\قرار توصية الطاقة حقل الناصرية_10.json
2026-08-05 14:34:09,674 INFO [وزارة الصحة لجنة الصيادله.docx] Loading document...
2026-08-05 14:34:09,676 INFO [وزارة الصحة لجنة الصيادله.docx] Loading document completed.
2026-08-05 14:34:09,676 INFO [وزارة الصحة لجنة الصيادله.docx] Cleaning document...
2026-08-05 14:34:09,676 INFO [وزارة الصحة لجنة الصيادله.docx] Cleaning document completed.
2026-08-05 14:34:09,677 INFO [وزارة الصحة لجنة الصيادله.docx] Detecting document type...
2026-08-05 14:34:09,677 INFO [وزارة الصحة لجنة الصيادله.docx] Detecting document type completed.
2026-08-05 14:34:09,677 INFO [وزارة الصحة لجنة الصيادله.docx] Extracting metadata...
2026-08-05 14:34:09,677 INFO [وزارة الصحة لجنة الصيادله.docx] Extracting metadata completed.
2026-08-05 14:34:09,677 INFO [وزارة الصحة لجنة الصيادله.docx] Extracting legal content...
2026-08-05 14:34:09,677 INFO [وزارة الصحة لجنة الصيادله.docx] Extracting legal content completed.
2026-08-05 14:34:09,677 INFO [وزارة الصحة لجنة الصيادله.docx] Building JSON...
2026-08-05 14:34:09,677 INFO [وزارة الصحة لجنة الصيادله.docx] Building JSON completed.
2026-08-05 14:34:09,677 INFO [وزارة الصحة لجنة الصيادله.docx] Validating JSON...
2026-08-05 14:34:09,677 INFO [وزارة الصحة لجنة الصيادله.docx] Validating JSON completed.
2026-08-05 14:34:09,678 INFO [وزارة الصحة لجنة الصيادله.docx] Saving output...
2026-08-05 14:34:09,696 INFO [وزارة الصحة لجنة الصيادله.docx] Saving output completed.
2026-08-05 14:34:09,696 INFO [وزارة الصحة لجنة الصيادله.docx] Completed. Output: data\output\وزارة الصحة لجنة الصيادله_10.json
2026-08-05 14:35:49,800 INFO [الدفاع قرار استثناء عقد تصليح طائرات.docx] Loading document...
2026-08-05 14:35:49,803 INFO [الدفاع قرار استثناء عقد تصليح طائرات.docx] Loading document completed.
2026-08-05 14:35:49,803 INFO [الدفاع قرار استثناء عقد تصليح طائرات.docx] Cleaning document...
2026-08-05 14:35:49,804 INFO [الدفاع قرار استثناء عقد تصليح طائرات.docx] Cleaning document completed.
2026-08-05 14:35:49,804 INFO [الدفاع قرار استثناء عقد تصليح طائرات.docx] Detecting document type...
2026-08-05 14:35:49,805 INFO [الدفاع قرار استثناء عقد تصليح طائرات.docx] Detecting document type completed.
2026-08-05 14:35:49,805 INFO [الدفاع قرار استثناء عقد تصليح طائرات.docx] Extracting metadata...
2026-08-05 14:35:49,805 INFO [الدفاع قرار استثناء عقد تصليح طائرات.docx] Extracting metadata completed.
2026-08-05 14:35:49,805 INFO [الدفاع قرار استثناء عقد تصليح طائرات.docx] Extracting legal content...
2026-08-05 14:35:49,806 INFO [الدفاع قرار استثناء عقد تصليح طائرات.docx] Extracting legal content completed.
2026-08-05 14:35:49,806 INFO [الدفاع قرار استثناء عقد تصليح طائرات.docx] Building JSON...
2026-08-05 14:35:49,806 INFO [الدفاع قرار استثناء عقد تصليح طائرات.docx] Building JSON completed.
2026-08-05 14:35:49,806 INFO [الدفاع قرار استثناء عقد تصليح طائرات.docx] Validating JSON...
2026-08-05 14:35:49,806 INFO [الدفاع قرار استثناء عقد تصليح طائرات.docx] Validating JSON completed.
2026-08-05 14:35:49,806 INFO [الدفاع قرار استثناء عقد تصليح طائرات.docx] Saving output...
2026-08-05 14:35:49,828 INFO [الدفاع قرار استثناء عقد تصليح طائرات.docx] Saving output completed.
2026-08-05 14:35:49,828 INFO [الدفاع قرار استثناء عقد تصليح طائرات.docx] Completed. Output: data\output\الدفاع قرار استثناء عقد تصليح طائرات_11.json
2026-08-05 14:35:49,828 INFO [النفط توصية الطاقة حقل الناصرية.docx] Loading document...
2026-08-05 14:35:49,831 INFO [النفط توصية الطاقة حقل الناصرية.docx] Loading document completed.
2026-08-05 14:35:49,831 INFO [النفط توصية الطاقة حقل الناصرية.docx] Cleaning document...
2026-08-05 14:35:49,832 INFO [النفط توصية الطاقة حقل الناصرية.docx] Cleaning document completed.
2026-08-05 14:35:49,832 INFO [النفط توصية الطاقة حقل الناصرية.docx] Detecting document type...
2026-08-05 14:35:49,832 INFO [النفط توصية الطاقة حقل الناصرية.docx] Detecting document type completed.
2026-08-05 14:35:49,832 INFO [النفط توصية الطاقة حقل الناصرية.docx] Extracting metadata...
2026-08-05 14:35:49,832 INFO [النفط توصية الطاقة حقل الناصرية.docx] Extracting metadata completed.
2026-08-05 14:35:49,832 INFO [النفط توصية الطاقة حقل الناصرية.docx] Extracting legal content...
2026-08-05 14:35:49,833 INFO [النفط توصية الطاقة حقل الناصرية.docx] Extracting legal content completed.
2026-08-05 14:35:49,833 INFO [النفط توصية الطاقة حقل الناصرية.docx] Building JSON...
2026-08-05 14:35:49,833 INFO [النفط توصية الطاقة حقل الناصرية.docx] Building JSON completed.
2026-08-05 14:35:49,833 INFO [النفط توصية الطاقة حقل الناصرية.docx] Validating JSON...
2026-08-05 14:35:49,833 INFO [النفط توصية الطاقة حقل الناصرية.docx] Validating JSON completed.
2026-08-05 14:35:49,833 INFO [النفط توصية الطاقة حقل الناصرية.docx] Saving output...
2026-08-05 14:35:49,852 INFO [النفط توصية الطاقة حقل الناصرية.docx] Saving output completed.
2026-08-05 14:35:49,852 INFO [النفط توصية الطاقة حقل الناصرية.docx] Completed. Output: data\output\النفط توصية الطاقة حقل الناصرية_11.json
2026-08-05 14:35:49,852 INFO [قرار استثناء عقد تصليح الطائرات المروحية.docx] Loading document...
2026-08-05 14:35:49,854 INFO [قرار استثناء عقد تصليح الطائرات المروحية.docx] Loading document completed.
2026-08-05 14:35:49,854 INFO [قرار استثناء عقد تصليح الطائرات المروحية.docx] Cleaning document...
2026-08-05 14:35:49,855 INFO [قرار استثناء عقد تصليح الطائرات المروحية.docx] Cleaning document completed.
2026-08-05 14:35:49,855 INFO [قرار استثناء عقد تصليح الطائرات المروحية.docx] Detecting document type...
2026-08-05 14:35:49,855 INFO [قرار استثناء عقد تصليح الطائرات المروحية.docx] Detecting document type completed.
2026-08-05 14:35:49,855 INFO [قرار استثناء عقد تصليح الطائرات المروحية.docx] Extracting metadata...
2026-08-05 14:35:49,855 INFO [قرار استثناء عقد تصليح الطائرات المروحية.docx] Extracting metadata completed.
2026-08-05 14:35:49,855 INFO [قرار استثناء عقد تصليح الطائرات المروحية.docx] Extracting legal content...
2026-08-05 14:35:49,856 INFO [قرار استثناء عقد تصليح الطائرات المروحية.docx] Extracting legal content completed.
2026-08-05 14:35:49,856 INFO [قرار استثناء عقد تصليح الطائرات المروحية.docx] Building JSON...
2026-08-05 14:35:49,856 INFO [قرار استثناء عقد تصليح الطائرات المروحية.docx] Building JSON completed.
2026-08-05 14:35:49,856 INFO [قرار استثناء عقد تصليح الطائرات المروحية.docx] Validating JSON...
2026-08-05 14:35:49,856 INFO [قرار استثناء عقد تصليح الطائرات المروحية.docx] Validating JSON completed.
2026-08-05 14:35:49,856 INFO [قرار استثناء عقد تصليح الطائرات المروحية.docx] Saving output...
2026-08-05 14:35:49,876 INFO [قرار استثناء عقد تصليح الطائرات المروحية.docx] Saving output completed.
2026-08-05 14:35:49,876 INFO [قرار استثناء عقد تصليح الطائرات المروحية.docx] Completed. Output: data\output\قرار استثناء عقد تصليح الطائرات المروحية_14.json
2026-08-05 14:35:49,876 INFO [قرار توصية الطاقة حقل الناصرية.docx] Loading document...
2026-08-05 14:35:49,880 INFO [قرار توصية الطاقة حقل الناصرية.docx] Loading document completed.
2026-08-05 14:35:49,880 INFO [قرار توصية الطاقة حقل الناصرية.docx] Cleaning document...
2026-08-05 14:35:49,881 INFO [قرار توصية الطاقة حقل الناصرية.docx] Cleaning document completed.
2026-08-05 14:35:49,881 INFO [قرار توصية الطاقة حقل الناصرية.docx] Detecting document type...
2026-08-05 14:35:49,882 INFO [قرار توصية الطاقة حقل الناصرية.docx] Detecting document type completed.
2026-08-05 14:35:49,882 INFO [قرار توصية الطاقة حقل الناصرية.docx] Extracting metadata...
2026-08-05 14:35:49,882 INFO [قرار توصية الطاقة حقل الناصرية.docx] Extracting metadata completed.
2026-08-05 14:35:49,882 INFO [قرار توصية الطاقة حقل الناصرية.docx] Extracting legal content...
2026-08-05 14:35:49,882 INFO [قرار توصية الطاقة حقل الناصرية.docx] Extracting legal content completed.
2026-08-05 14:35:49,882 INFO [قرار توصية الطاقة حقل الناصرية.docx] Building JSON...
2026-08-05 14:35:49,882 INFO [قرار توصية الطاقة حقل الناصرية.docx] Building JSON completed.
2026-08-05 14:35:49,882 INFO [قرار توصية الطاقة حقل الناصرية.docx] Validating JSON...
2026-08-05 14:35:49,882 INFO [قرار توصية الطاقة حقل الناصرية.docx] Validating JSON completed.
2026-08-05 14:35:49,882 INFO [قرار توصية الطاقة حقل الناصرية.docx] Saving output...
2026-08-05 14:35:49,902 INFO [قرار توصية الطاقة حقل الناصرية.docx] Saving output completed.
2026-08-05 14:35:49,902 INFO [قرار توصية الطاقة حقل الناصرية.docx] Completed. Output: data\output\قرار توصية الطاقة حقل الناصرية_11.json
2026-08-05 14:35:49,902 INFO [وزارة الصحة لجنة الصيادله.docx] Loading document...
2026-08-05 14:35:49,905 INFO [وزارة الصحة لجنة الصيادله.docx] Loading document completed.
2026-08-05 14:35:49,905 INFO [وزارة الصحة لجنة الصيادله.docx] Cleaning document...
2026-08-05 14:35:49,906 INFO [وزارة الصحة لجنة الصيادله.docx] Cleaning document completed.
2026-08-05 14:35:49,907 INFO [وزارة الصحة لجنة الصيادله.docx] Detecting document type...
2026-08-05 14:35:49,907 INFO [وزارة الصحة لجنة الصيادله.docx] Detecting document type completed.
2026-08-05 14:35:49,907 INFO [وزارة الصحة لجنة الصيادله.docx] Extracting metadata...
2026-08-05 14:35:49,907 INFO [وزارة الصحة لجنة الصيادله.docx] Extracting metadata completed.
2026-08-05 14:35:49,907 INFO [وزارة الصحة لجنة الصيادله.docx] Extracting legal content...
2026-08-05 14:35:49,908 INFO [وزارة الصحة لجنة الصيادله.docx] Extracting legal content completed.
2026-08-05 14:35:49,908 INFO [وزارة الصحة لجنة الصيادله.docx] Building JSON...
2026-08-05 14:35:49,908 INFO [وزارة الصحة لجنة الصيادله.docx] Building JSON completed.
2026-08-05 14:35:49,908 INFO [وزارة الصحة لجنة الصيادله.docx] Validating JSON...
2026-08-05 14:35:49,908 INFO [وزارة الصحة لجنة الصيادله.docx] Validating JSON completed.
2026-08-05 14:35:49,908 INFO [وزارة الصحة لجنة الصيادله.docx] Saving output...
2026-08-05 14:35:49,930 INFO [وزارة الصحة لجنة الصيادله.docx] Saving output completed.
2026-08-05 14:35:49,930 INFO [وزارة الصحة لجنة الصيادله.docx] Completed. Output: data\output\وزارة الصحة لجنة الصيادله_11.json
2026-08-05 14:37:34,033 INFO [الدفاع قرار استثناء عقد تصليح طائرات.docx] Loading document...
2026-08-05 14:37:34,036 INFO [الدفاع قرار استثناء عقد تصليح طائرات.docx] Loading document completed.
2026-08-05 14:37:34,036 INFO [الدفاع قرار استثناء عقد تصليح طائرات.docx] Cleaning document...
2026-08-05 14:37:34,037 INFO [الدفاع قرار استثناء عقد تصليح طائرات.docx] Cleaning document completed.
2026-08-05 14:37:34,037 INFO [الدفاع قرار استثناء عقد تصليح طائرات.docx] Detecting document type...
2026-08-05 14:37:34,037 INFO [الدفاع قرار استثناء عقد تصليح طائرات.docx] Detecting document type completed.
2026-08-05 14:37:34,037 INFO [الدفاع قرار استثناء عقد تصليح طائرات.docx] Extracting metadata...
2026-08-05 14:37:34,039 INFO [الدفاع قرار استثناء عقد تصليح طائرات.docx] Extracting metadata completed.
2026-08-05 14:37:34,039 INFO [الدفاع قرار استثناء عقد تصليح طائرات.docx] Extracting legal content...
2026-08-05 14:37:34,039 INFO [الدفاع قرار استثناء عقد تصليح طائرات.docx] Extracting legal content completed.
2026-08-05 14:37:34,039 INFO [الدفاع قرار استثناء عقد تصليح طائرات.docx] Building JSON...
2026-08-05 14:37:34,039 INFO [الدفاع قرار استثناء عقد تصليح طائرات.docx] Building JSON completed.
2026-08-05 14:37:34,039 INFO [الدفاع قرار استثناء عقد تصليح طائرات.docx] Validating JSON...
2026-08-05 14:37:34,039 INFO [الدفاع قرار استثناء عقد تصليح طائرات.docx] Validating JSON completed.
2026-08-05 14:37:34,039 INFO [الدفاع قرار استثناء عقد تصليح طائرات.docx] Saving output...
2026-08-05 14:37:34,058 INFO [الدفاع قرار استثناء عقد تصليح طائرات.docx] Saving output completed.
2026-08-05 14:37:34,058 INFO [الدفاع قرار استثناء عقد تصليح طائرات.docx] Completed. Output: data\output\الدفاع قرار استثناء عقد تصليح طائرات_12.json
2026-08-05 14:37:34,058 INFO [النفط توصية الطاقة حقل الناصرية.docx] Loading document...
2026-08-05 14:37:34,061 INFO [النفط توصية الطاقة حقل الناصرية.docx] Loading document completed.
2026-08-05 14:37:34,061 INFO [النفط توصية الطاقة حقل الناصرية.docx] Cleaning document...
2026-08-05 14:37:34,062 INFO [النفط توصية الطاقة حقل الناصرية.docx] Cleaning document completed.
2026-08-05 14:37:34,062 INFO [النفط توصية الطاقة حقل الناصرية.docx] Detecting document type...
2026-08-05 14:37:34,062 INFO [النفط توصية الطاقة حقل الناصرية.docx] Detecting document type completed.
2026-08-05 14:37:34,062 INFO [النفط توصية الطاقة حقل الناصرية.docx] Extracting metadata...
2026-08-05 14:37:34,063 INFO [النفط توصية الطاقة حقل الناصرية.docx] Extracting metadata completed.
2026-08-05 14:37:34,063 INFO [النفط توصية الطاقة حقل الناصرية.docx] Extracting legal content...
2026-08-05 14:37:34,063 INFO [النفط توصية الطاقة حقل الناصرية.docx] Extracting legal content completed.
2026-08-05 14:37:34,063 INFO [النفط توصية الطاقة حقل الناصرية.docx] Building JSON...
2026-08-05 14:37:34,063 INFO [النفط توصية الطاقة حقل الناصرية.docx] Building JSON completed.
2026-08-05 14:37:34,063 INFO [النفط توصية الطاقة حقل الناصرية.docx] Validating JSON...
2026-08-05 14:37:34,063 INFO [النفط توصية الطاقة حقل الناصرية.docx] Validating JSON completed.
2026-08-05 14:37:34,063 INFO [النفط توصية الطاقة حقل الناصرية.docx] Saving output...
2026-08-05 14:37:34,083 INFO [النفط توصية الطاقة حقل الناصرية.docx] Saving output completed.
2026-08-05 14:37:34,083 INFO [النفط توصية الطاقة حقل الناصرية.docx] Completed. Output: data\output\النفط توصية الطاقة حقل الناصرية_12.json
2026-08-05 14:37:34,083 INFO [قرار استثناء عقد تصليح الطائرات المروحية.docx] Loading document...
2026-08-05 14:37:34,086 INFO [قرار استثناء عقد تصليح الطائرات المروحية.docx] Loading document completed.
2026-08-05 14:37:34,086 INFO [قرار استثناء عقد تصليح الطائرات المروحية.docx] Cleaning document...
2026-08-05 14:37:34,087 INFO [قرار استثناء عقد تصليح الطائرات المروحية.docx] Cleaning document completed.
2026-08-05 14:37:34,087 INFO [قرار استثناء عقد تصليح الطائرات المروحية.docx] Detecting document type...
2026-08-05 14:37:34,087 INFO [قرار استثناء عقد تصليح الطائرات المروحية.docx] Detecting document type completed.
2026-08-05 14:37:34,087 INFO [قرار استثناء عقد تصليح الطائرات المروحية.docx] Extracting metadata...
2026-08-05 14:37:34,087 INFO [قرار استثناء عقد تصليح الطائرات المروحية.docx] Extracting metadata completed.
2026-08-05 14:37:34,087 INFO [قرار استثناء عقد تصليح الطائرات المروحية.docx] Extracting legal content...
2026-08-05 14:37:34,088 INFO [قرار استثناء عقد تصليح الطائرات المروحية.docx] Extracting legal content completed.
2026-08-05 14:37:34,088 INFO [قرار استثناء عقد تصليح الطائرات المروحية.docx] Building JSON...
2026-08-05 14:37:34,088 INFO [قرار استثناء عقد تصليح الطائرات المروحية.docx] Building JSON completed.
2026-08-05 14:37:34,088 INFO [قرار استثناء عقد تصليح الطائرات المروحية.docx] Validating JSON...
2026-08-05 14:37:34,088 INFO [قرار استثناء عقد تصليح الطائرات المروحية.docx] Validating JSON completed.
2026-08-05 14:37:34,088 INFO [قرار استثناء عقد تصليح الطائرات المروحية.docx] Saving output...
2026-08-05 14:37:34,107 INFO [قرار استثناء عقد تصليح الطائرات المروحية.docx] Saving output completed.
2026-08-05 14:37:34,107 INFO [قرار استثناء عقد تصليح الطائرات المروحية.docx] Completed. Output: data\output\قرار استثناء عقد تصليح الطائرات المروحية_15.json
2026-08-05 14:37:34,107 INFO [قرار توصية الطاقة حقل الناصرية.docx] Loading document...
2026-08-05 14:37:34,110 INFO [قرار توصية الطاقة حقل الناصرية.docx] Loading document completed.
2026-08-05 14:37:34,110 INFO [قرار توصية الطاقة حقل الناصرية.docx] Cleaning document...
2026-08-05 14:37:34,111 INFO [قرار توصية الطاقة حقل الناصرية.docx] Cleaning document completed.
2026-08-05 14:37:34,111 INFO [قرار توصية الطاقة حقل الناصرية.docx] Detecting document type...
2026-08-05 14:37:34,111 INFO [قرار توصية الطاقة حقل الناصرية.docx] Detecting document type completed.
2026-08-05 14:37:34,111 INFO [قرار توصية الطاقة حقل الناصرية.docx] Extracting metadata...
2026-08-05 14:37:34,112 INFO [قرار توصية الطاقة حقل الناصرية.docx] Extracting metadata completed.
2026-08-05 14:37:34,112 INFO [قرار توصية الطاقة حقل الناصرية.docx] Extracting legal content...
2026-08-05 14:37:34,112 INFO [قرار توصية الطاقة حقل الناصرية.docx] Extracting legal content completed.
2026-08-05 14:37:34,112 INFO [قرار توصية الطاقة حقل الناصرية.docx] Building JSON...
2026-08-05 14:37:34,112 INFO [قرار توصية الطاقة حقل الناصرية.docx] Building JSON completed.
2026-08-05 14:37:34,112 INFO [قرار توصية الطاقة حقل الناصرية.docx] Validating JSON...
2026-08-05 14:37:34,112 INFO [قرار توصية الطاقة حقل الناصرية.docx] Validating JSON completed.
2026-08-05 14:37:34,112 INFO [قرار توصية الطاقة حقل الناصرية.docx] Saving output...
2026-08-05 14:37:34,128 INFO [قرار توصية الطاقة حقل الناصرية.docx] Saving output completed.
2026-08-05 14:37:34,128 INFO [قرار توصية الطاقة حقل الناصرية.docx] Completed. Output: data\output\قرار توصية الطاقة حقل الناصرية_12.json
2026-08-05 14:37:34,128 INFO [وزارة الصحة لجنة الصيادله.docx] Loading document...
2026-08-05 14:37:34,129 INFO [وزارة الصحة لجنة الصيادله.docx] Loading document completed.
2026-08-05 14:37:34,129 INFO [وزارة الصحة لجنة الصيادله.docx] Cleaning document...
2026-08-05 14:37:34,130 INFO [وزارة الصحة لجنة الصيادله.docx] Cleaning document completed.
2026-08-05 14:37:34,130 INFO [وزارة الصحة لجنة الصيادله.docx] Detecting document type...
2026-08-05 14:37:34,130 INFO [وزارة الصحة لجنة الصيادله.docx] Detecting document type completed.
2026-08-05 14:37:34,130 INFO [وزارة الصحة لجنة الصيادله.docx] Extracting metadata...
2026-08-05 14:37:34,130 INFO [وزارة الصحة لجنة الصيادله.docx] Extracting metadata completed.
2026-08-05 14:37:34,130 INFO [وزارة الصحة لجنة الصيادله.docx] Extracting legal content...
2026-08-05 14:37:34,131 INFO [وزارة الصحة لجنة الصيادله.docx] Extracting legal content completed.
2026-08-05 14:37:34,131 INFO [وزارة الصحة لجنة الصيادله.docx] Building JSON...
2026-08-05 14:37:34,131 INFO [وزارة الصحة لجنة الصيادله.docx] Building JSON completed.
2026-08-05 14:37:34,131 INFO [وزارة الصحة لجنة الصيادله.docx] Validating JSON...
2026-08-05 14:37:34,131 INFO [وزارة الصحة لجنة الصيادله.docx] Validating JSON completed.
2026-08-05 14:37:34,131 INFO [وزارة الصحة لجنة الصيادله.docx] Saving output...
2026-08-05 14:37:34,143 INFO [وزارة الصحة لجنة الصيادله.docx] Saving output completed.
2026-08-05 14:37:34,143 INFO [وزارة الصحة لجنة الصيادله.docx] Completed. Output: data\output\وزارة الصحة لجنة الصيادله_12.json
2026-08-06 12:17:20,216 INFO [الدفاع قرار استثناء عقد تصليح طائرات.docx] Loading document...
2026-08-06 12:17:20,246 INFO [الدفاع قرار استثناء عقد تصليح طائرات.docx] Loading document completed.
2026-08-06 12:17:20,246 INFO [الدفاع قرار استثناء عقد تصليح طائرات.docx] Cleaning document...
2026-08-06 12:17:20,248 INFO [الدفاع قرار استثناء عقد تصليح طائرات.docx] Cleaning document completed.
2026-08-06 12:17:20,248 INFO [الدفاع قرار استثناء عقد تصليح طائرات.docx] Detecting document type...
2026-08-06 12:17:20,248 INFO [الدفاع قرار استثناء عقد تصليح طائرات.docx] Detecting document type completed.
2026-08-06 12:17:20,248 INFO [الدفاع قرار استثناء عقد تصليح طائرات.docx] Extracting metadata...
2026-08-06 12:17:20,249 INFO [الدفاع قرار استثناء عقد تصليح طائرات.docx] Extracting metadata completed.
2026-08-06 12:17:20,249 INFO [الدفاع قرار استثناء عقد تصليح طائرات.docx] Extracting legal content...
2026-08-06 12:17:20,249 INFO [الدفاع قرار استثناء عقد تصليح طائرات.docx] Extracting legal content completed.
2026-08-06 12:17:20,249 INFO [الدفاع قرار استثناء عقد تصليح طائرات.docx] Building JSON...
2026-08-06 12:17:20,250 INFO [الدفاع قرار استثناء عقد تصليح طائرات.docx] Building JSON completed.
2026-08-06 12:17:20,250 INFO [الدفاع قرار استثناء عقد تصليح طائرات.docx] Validating JSON...
2026-08-06 12:17:20,250 INFO [الدفاع قرار استثناء عقد تصليح طائرات.docx] Validating JSON completed.
2026-08-06 12:17:20,250 INFO [الدفاع قرار استثناء عقد تصليح طائرات.docx] Saving output...
2026-08-06 12:17:20,272 INFO [الدفاع قرار استثناء عقد تصليح طائرات.docx] Saving output completed.
2026-08-06 12:17:20,272 INFO [الدفاع قرار استثناء عقد تصليح طائرات.docx] Completed. Output: data\output\الدفاع قرار استثناء عقد تصليح طائرات_13.json
2026-08-06 12:17:20,272 INFO [النفط توصية الطاقة حقل الناصرية.docx] Loading document...
2026-08-06 12:17:20,297 INFO [النفط توصية الطاقة حقل الناصرية.docx] Loading document completed.
2026-08-06 12:17:20,298 INFO [النفط توصية الطاقة حقل الناصرية.docx] Cleaning document...
2026-08-06 12:17:20,299 INFO [النفط توصية الطاقة حقل الناصرية.docx] Cleaning document completed.
2026-08-06 12:17:20,299 INFO [النفط توصية الطاقة حقل الناصرية.docx] Detecting document type...
2026-08-06 12:17:20,299 INFO [النفط توصية الطاقة حقل الناصرية.docx] Detecting document type completed.
2026-08-06 12:17:20,299 INFO [النفط توصية الطاقة حقل الناصرية.docx] Extracting metadata...
2026-08-06 12:17:20,300 INFO [النفط توصية الطاقة حقل الناصرية.docx] Extracting metadata completed.
2026-08-06 12:17:20,300 INFO [النفط توصية الطاقة حقل الناصرية.docx] Extracting legal content...
2026-08-06 12:17:20,301 INFO [النفط توصية الطاقة حقل الناصرية.docx] Extracting legal content completed.
2026-08-06 12:17:20,301 INFO [النفط توصية الطاقة حقل الناصرية.docx] Building JSON...
2026-08-06 12:17:20,301 INFO [النفط توصية الطاقة حقل الناصرية.docx] Building JSON completed.
2026-08-06 12:17:20,301 INFO [النفط توصية الطاقة حقل الناصرية.docx] Validating JSON...
2026-08-06 12:17:20,301 INFO [النفط توصية الطاقة حقل الناصرية.docx] Validating JSON completed.
2026-08-06 12:17:20,301 INFO [النفط توصية الطاقة حقل الناصرية.docx] Saving output...
2026-08-06 12:17:20,315 INFO [النفط توصية الطاقة حقل الناصرية.docx] Saving output completed.
2026-08-06 12:17:20,316 INFO [النفط توصية الطاقة حقل الناصرية.docx] Completed. Output: data\output\النفط توصية الطاقة حقل الناصرية_13.json
2026-08-06 12:17:20,316 INFO [قرار استثناء عقد تصليح الطائرات المروحية.docx] Loading document...
2026-08-06 12:17:20,341 INFO [قرار استثناء عقد تصليح الطائرات المروحية.docx] Loading document completed.
2026-08-06 12:17:20,341 INFO [قرار استثناء عقد تصليح الطائرات المروحية.docx] Cleaning document...
2026-08-06 12:17:20,342 INFO [قرار استثناء عقد تصليح الطائرات المروحية.docx] Cleaning document completed.
2026-08-06 12:17:20,342 INFO [قرار استثناء عقد تصليح الطائرات المروحية.docx] Detecting document type...
2026-08-06 12:17:20,342 INFO [قرار استثناء عقد تصليح الطائرات المروحية.docx] Detecting document type completed.
2026-08-06 12:17:20,342 INFO [قرار استثناء عقد تصليح الطائرات المروحية.docx] Extracting metadata...
2026-08-06 12:17:20,342 INFO [قرار استثناء عقد تصليح الطائرات المروحية.docx] Extracting metadata completed.
2026-08-06 12:17:20,342 INFO [قرار استثناء عقد تصليح الطائرات المروحية.docx] Extracting legal content...
2026-08-06 12:17:20,343 INFO [قرار استثناء عقد تصليح الطائرات المروحية.docx] Extracting legal content completed.
2026-08-06 12:17:20,343 INFO [قرار استثناء عقد تصليح الطائرات المروحية.docx] Building JSON...
2026-08-06 12:17:20,343 INFO [قرار استثناء عقد تصليح الطائرات المروحية.docx] Building JSON completed.
2026-08-06 12:17:20,343 INFO [قرار استثناء عقد تصليح الطائرات المروحية.docx] Validating JSON...
2026-08-06 12:17:20,343 INFO [قرار استثناء عقد تصليح الطائرات المروحية.docx] Validating JSON completed.
2026-08-06 12:17:20,343 INFO [قرار استثناء عقد تصليح الطائرات المروحية.docx] Saving output...
2026-08-06 12:17:20,363 INFO [قرار استثناء عقد تصليح الطائرات المروحية.docx] Saving output completed.
2026-08-06 12:17:20,363 INFO [قرار استثناء عقد تصليح الطائرات المروحية.docx] Completed. Output: data\output\قرار استثناء عقد تصليح الطائرات المروحية_16.json
2026-08-06 12:17:20,363 INFO [قرار توصية الطاقة حقل الناصرية.docx] Loading document...
2026-08-06 12:17:20,388 INFO [قرار توصية الطاقة حقل الناصرية.docx] Loading document completed.
2026-08-06 12:17:20,388 INFO [قرار توصية الطاقة حقل الناصرية.docx] Cleaning document...
2026-08-06 12:17:20,389 INFO [قرار توصية الطاقة حقل الناصرية.docx] Cleaning document completed.
2026-08-06 12:17:20,389 INFO [قرار توصية الطاقة حقل الناصرية.docx] Detecting document type...
2026-08-06 12:17:20,389 INFO [قرار توصية الطاقة حقل الناصرية.docx] Detecting document type completed.
2026-08-06 12:17:20,389 INFO [قرار توصية الطاقة حقل الناصرية.docx] Extracting metadata...
2026-08-06 12:17:20,389 INFO [قرار توصية الطاقة حقل الناصرية.docx] Extracting metadata completed.
2026-08-06 12:17:20,390 INFO [قرار توصية الطاقة حقل الناصرية.docx] Extracting legal content...
2026-08-06 12:17:20,390 INFO [قرار توصية الطاقة حقل الناصرية.docx] Extracting legal content completed.
2026-08-06 12:17:20,390 INFO [قرار توصية الطاقة حقل الناصرية.docx] Building JSON...
2026-08-06 12:17:20,390 INFO [قرار توصية الطاقة حقل الناصرية.docx] Building JSON completed.
2026-08-06 12:17:20,390 INFO [قرار توصية الطاقة حقل الناصرية.docx] Validating JSON...
2026-08-06 12:17:20,390 INFO [قرار توصية الطاقة حقل الناصرية.docx] Validating JSON completed.
2026-08-06 12:17:20,390 INFO [قرار توصية الطاقة حقل الناصرية.docx] Saving output...
2026-08-06 12:17:20,409 INFO [قرار توصية الطاقة حقل الناصرية.docx] Saving output completed.
2026-08-06 12:17:20,409 INFO [قرار توصية الطاقة حقل الناصرية.docx] Completed. Output: data\output\قرار توصية الطاقة حقل الناصرية_13.json
2026-08-06 12:17:20,409 INFO [وزارة الصحة لجنة الصيادله.docx] Loading document...
2026-08-06 12:17:20,431 INFO [وزارة الصحة لجنة الصيادله.docx] Loading document completed.
2026-08-06 12:17:20,431 INFO [وزارة الصحة لجنة الصيادله.docx] Cleaning document...
2026-08-06 12:17:20,432 INFO [وزارة الصحة لجنة الصيادله.docx] Cleaning document completed.
2026-08-06 12:17:20,432 INFO [وزارة الصحة لجنة الصيادله.docx] Detecting document type...
2026-08-06 12:17:20,432 INFO [وزارة الصحة لجنة الصيادله.docx] Detecting document type completed.
2026-08-06 12:17:20,432 INFO [وزارة الصحة لجنة الصيادله.docx] Extracting metadata...
2026-08-06 12:17:20,433 INFO [وزارة الصحة لجنة الصيادله.docx] Extracting metadata completed.
2026-08-06 12:17:20,433 INFO [وزارة الصحة لجنة الصيادله.docx] Extracting legal content...
2026-08-06 12:17:20,433 INFO [وزارة الصحة لجنة الصيادله.docx] Extracting legal content completed.
2026-08-06 12:17:20,433 INFO [وزارة الصحة لجنة الصيادله.docx] Building JSON...
2026-08-06 12:17:20,433 INFO [وزارة الصحة لجنة الصيادله.docx] Building JSON completed.
2026-08-06 12:17:20,433 INFO [وزارة الصحة لجنة الصيادله.docx] Validating JSON...
2026-08-06 12:17:20,433 INFO [وزارة الصحة لجنة الصيادله.docx] Validating JSON completed.
2026-08-06 12:17:20,433 INFO [وزارة الصحة لجنة الصيادله.docx] Saving output...
2026-08-06 12:17:20,454 INFO [وزارة الصحة لجنة الصيادله.docx] Saving output completed.
2026-08-06 12:17:20,454 INFO [وزارة الصحة لجنة الصيادله.docx] Completed. Output: data\output\وزارة الصحة لجنة الصيادله_13.json
2026-08-06 12:27:03,372 INFO [الدفاع قرار استثناء عقد تصليح طائرات.docx] Loading document...
2026-08-06 12:27:03,377 INFO [الدفاع قرار استثناء عقد تصليح طائرات.docx] Loading document completed.
2026-08-06 12:27:03,377 INFO [الدفاع قرار استثناء عقد تصليح طائرات.docx] Cleaning document...
2026-08-06 12:27:03,378 INFO [الدفاع قرار استثناء عقد تصليح طائرات.docx] Cleaning document completed.
2026-08-06 12:27:03,378 INFO [الدفاع قرار استثناء عقد تصليح طائرات.docx] Detecting document type...
2026-08-06 12:27:03,379 INFO [الدفاع قرار استثناء عقد تصليح طائرات.docx] Detecting document type completed.
2026-08-06 12:27:03,379 INFO [الدفاع قرار استثناء عقد تصليح طائرات.docx] Extracting metadata...
2026-08-06 12:27:03,380 INFO [الدفاع قرار استثناء عقد تصليح طائرات.docx] Extracting metadata completed.
2026-08-06 12:27:03,380 INFO [الدفاع قرار استثناء عقد تصليح طائرات.docx] Extracting legal content...
2026-08-06 12:27:03,381 INFO [الدفاع قرار استثناء عقد تصليح طائرات.docx] Extracting legal content completed.
2026-08-06 12:27:03,381 INFO [الدفاع قرار استثناء عقد تصليح طائرات.docx] Building JSON...
2026-08-06 12:27:03,381 INFO [الدفاع قرار استثناء عقد تصليح طائرات.docx] Building JSON completed.
2026-08-06 12:27:03,381 INFO [الدفاع قرار استثناء عقد تصليح طائرات.docx] Validating JSON...
2026-08-06 12:27:03,381 INFO [الدفاع قرار استثناء عقد تصليح طائرات.docx] Validating JSON completed.
2026-08-06 12:27:03,381 INFO [الدفاع قرار استثناء عقد تصليح طائرات.docx] Saving output...
2026-08-06 12:27:03,406 INFO [الدفاع قرار استثناء عقد تصليح طائرات.docx] Saving output completed.
2026-08-06 12:27:03,406 INFO [الدفاع قرار استثناء عقد تصليح طائرات.docx] Completed. Output: data\output\الدفاع قرار استثناء عقد تصليح طائرات_14.json
2026-08-06 12:27:03,406 INFO [النفط توصية الطاقة حقل الناصرية.docx] Loading document...
2026-08-06 12:27:03,410 INFO [النفط توصية الطاقة حقل الناصرية.docx] Loading document completed.
2026-08-06 12:27:03,410 INFO [النفط توصية الطاقة حقل الناصرية.docx] Cleaning document...
2026-08-06 12:27:03,412 INFO [النفط توصية الطاقة حقل الناصرية.docx] Cleaning document completed.
2026-08-06 12:27:03,412 INFO [النفط توصية الطاقة حقل الناصرية.docx] Detecting document type...
2026-08-06 12:27:03,413 INFO [النفط توصية الطاقة حقل الناصرية.docx] Detecting document type completed.
2026-08-06 12:27:03,413 INFO [النفط توصية الطاقة حقل الناصرية.docx] Extracting metadata...
2026-08-06 12:27:03,413 INFO [النفط توصية الطاقة حقل الناصرية.docx] Extracting metadata completed.
2026-08-06 12:27:03,413 INFO [النفط توصية الطاقة حقل الناصرية.docx] Extracting legal content...
2026-08-06 12:27:03,415 INFO [النفط توصية الطاقة حقل الناصرية.docx] Extracting legal content completed.
2026-08-06 12:27:03,415 INFO [النفط توصية الطاقة حقل الناصرية.docx] Building JSON...
2026-08-06 12:27:03,415 INFO [النفط توصية الطاقة حقل الناصرية.docx] Building JSON completed.
2026-08-06 12:27:03,415 INFO [النفط توصية الطاقة حقل الناصرية.docx] Validating JSON...
2026-08-06 12:27:03,415 INFO [النفط توصية الطاقة حقل الناصرية.docx] Validating JSON completed.
2026-08-06 12:27:03,415 INFO [النفط توصية الطاقة حقل الناصرية.docx] Saving output...
2026-08-06 12:27:03,438 INFO [النفط توصية الطاقة حقل الناصرية.docx] Saving output completed.
2026-08-06 12:27:03,438 INFO [النفط توصية الطاقة حقل الناصرية.docx] Completed. Output: data\output\النفط توصية الطاقة حقل الناصرية_14.json
2026-08-06 12:27:03,438 INFO [قرار استثناء عقد تصليح الطائرات المروحية.docx] Loading document...
2026-08-06 12:27:03,440 INFO [قرار استثناء عقد تصليح الطائرات المروحية.docx] Loading document completed.
2026-08-06 12:27:03,440 INFO [قرار استثناء عقد تصليح الطائرات المروحية.docx] Cleaning document...
2026-08-06 12:27:03,441 INFO [قرار استثناء عقد تصليح الطائرات المروحية.docx] Cleaning document completed.
2026-08-06 12:27:03,441 INFO [قرار استثناء عقد تصليح الطائرات المروحية.docx] Detecting document type...
2026-08-06 12:27:03,441 INFO [قرار استثناء عقد تصليح الطائرات المروحية.docx] Detecting document type completed.
2026-08-06 12:27:03,441 INFO [قرار استثناء عقد تصليح الطائرات المروحية.docx] Extracting metadata...
2026-08-06 12:27:03,441 INFO [قرار استثناء عقد تصليح الطائرات المروحية.docx] Extracting metadata completed.
2026-08-06 12:27:03,441 INFO [قرار استثناء عقد تصليح الطائرات المروحية.docx] Extracting legal content...
2026-08-06 12:27:03,442 INFO [قرار استثناء عقد تصليح الطائرات المروحية.docx] Extracting legal content completed.
2026-08-06 12:27:03,442 INFO [قرار استثناء عقد تصليح الطائرات المروحية.docx] Building JSON...
2026-08-06 12:27:03,442 INFO [قرار استثناء عقد تصليح الطائرات المروحية.docx] Building JSON completed.
2026-08-06 12:27:03,442 INFO [قرار استثناء عقد تصليح الطائرات المروحية.docx] Validating JSON...
2026-08-06 12:27:03,442 INFO [قرار استثناء عقد تصليح الطائرات المروحية.docx] Validating JSON completed.
2026-08-06 12:27:03,442 INFO [قرار استثناء عقد تصليح الطائرات المروحية.docx] Saving output...
2026-08-06 12:27:03,460 INFO [قرار استثناء عقد تصليح الطائرات المروحية.docx] Saving output completed.
2026-08-06 12:27:03,460 INFO [قرار استثناء عقد تصليح الطائرات المروحية.docx] Completed. Output: data\output\قرار استثناء عقد تصليح الطائرات المروحية_17.json
2026-08-06 12:27:03,460 INFO [قرار توصية الطاقة حقل الناصرية.docx] Loading document...
2026-08-06 12:27:03,462 INFO [قرار توصية الطاقة حقل الناصرية.docx] Loading document completed.
2026-08-06 12:27:03,462 INFO [قرار توصية الطاقة حقل الناصرية.docx] Cleaning document...
2026-08-06 12:27:03,464 INFO [قرار توصية الطاقة حقل الناصرية.docx] Cleaning document completed.
2026-08-06 12:27:03,464 INFO [قرار توصية الطاقة حقل الناصرية.docx] Detecting document type...
2026-08-06 12:27:03,465 INFO [قرار توصية الطاقة حقل الناصرية.docx] Detecting document type completed.
2026-08-06 12:27:03,465 INFO [قرار توصية الطاقة حقل الناصرية.docx] Extracting metadata...
2026-08-06 12:27:03,465 INFO [قرار توصية الطاقة حقل الناصرية.docx] Extracting metadata completed.
2026-08-06 12:27:03,465 INFO [قرار توصية الطاقة حقل الناصرية.docx] Extracting legal content...
2026-08-06 12:27:03,466 INFO [قرار توصية الطاقة حقل الناصرية.docx] Extracting legal content completed.
2026-08-06 12:27:03,466 INFO [قرار توصية الطاقة حقل الناصرية.docx] Building JSON...
2026-08-06 12:27:03,466 INFO [قرار توصية الطاقة حقل الناصرية.docx] Building JSON completed.
2026-08-06 12:27:03,466 INFO [قرار توصية الطاقة حقل الناصرية.docx] Validating JSON...
2026-08-06 12:27:03,466 INFO [قرار توصية الطاقة حقل الناصرية.docx] Validating JSON completed.
2026-08-06 12:27:03,466 INFO [قرار توصية الطاقة حقل الناصرية.docx] Saving output...
2026-08-06 12:27:03,487 INFO [قرار توصية الطاقة حقل الناصرية.docx] Saving output completed.
2026-08-06 12:27:03,487 INFO [قرار توصية الطاقة حقل الناصرية.docx] Completed. Output: data\output\قرار توصية الطاقة حقل الناصرية_14.json
2026-08-06 12:27:03,487 INFO [وزارة الصحة لجنة الصيادله.docx] Loading document...
2026-08-06 12:27:03,489 INFO [وزارة الصحة لجنة الصيادله.docx] Loading document completed.
2026-08-06 12:27:03,489 INFO [وزارة الصحة لجنة الصيادله.docx] Cleaning document...
2026-08-06 12:27:03,492 INFO [وزارة الصحة لجنة الصيادله.docx] Cleaning document completed.
2026-08-06 12:27:03,492 INFO [وزارة الصحة لجنة الصيادله.docx] Detecting document type...
2026-08-06 12:27:03,492 INFO [وزارة الصحة لجنة الصيادله.docx] Detecting document type completed.
2026-08-06 12:27:03,492 INFO [وزارة الصحة لجنة الصيادله.docx] Extracting metadata...
2026-08-06 12:27:03,492 INFO [وزارة الصحة لجنة الصيادله.docx] Extracting metadata completed.
2026-08-06 12:27:03,492 INFO [وزارة الصحة لجنة الصيادله.docx] Extracting legal content...
2026-08-06 12:27:03,493 INFO [وزارة الصحة لجنة الصيادله.docx] Extracting legal content completed.
2026-08-06 12:27:03,493 INFO [وزارة الصحة لجنة الصيادله.docx] Building JSON...
2026-08-06 12:27:03,493 INFO [وزارة الصحة لجنة الصيادله.docx] Building JSON completed.
2026-08-06 12:27:03,493 INFO [وزارة الصحة لجنة الصيادله.docx] Validating JSON...
2026-08-06 12:27:03,493 INFO [وزارة الصحة لجنة الصيادله.docx] Validating JSON completed.
2026-08-06 12:27:03,493 INFO [وزارة الصحة لجنة الصيادله.docx] Saving output...
2026-08-06 12:27:03,517 INFO [وزارة الصحة لجنة الصيادله.docx] Saving output completed.
2026-08-06 12:27:03,517 INFO [وزارة الصحة لجنة الصيادله.docx] Completed. Output: data\output\وزارة الصحة لجنة الصيادله_14.json
2026-08-06 12:37:03,995 INFO [الدفاع قرار استثناء عقد تصليح طائرات.docx] Loading document...
2026-08-06 12:37:04,009 INFO [الدفاع قرار استثناء عقد تصليح طائرات.docx] Loading document completed.
2026-08-06 12:37:04,009 INFO [الدفاع قرار استثناء عقد تصليح طائرات.docx] Cleaning document...
2026-08-06 12:37:04,012 INFO [الدفاع قرار استثناء عقد تصليح طائرات.docx] Cleaning document completed.
2026-08-06 12:37:04,012 INFO [الدفاع قرار استثناء عقد تصليح طائرات.docx] Detecting document type...
2026-08-06 12:37:04,012 INFO [الدفاع قرار استثناء عقد تصليح طائرات.docx] Detecting document type completed.
2026-08-06 12:37:04,012 INFO [الدفاع قرار استثناء عقد تصليح طائرات.docx] Extracting metadata...
2026-08-06 12:37:04,014 INFO [الدفاع قرار استثناء عقد تصليح طائرات.docx] Extracting metadata completed.
2026-08-06 12:37:04,014 INFO [الدفاع قرار استثناء عقد تصليح طائرات.docx] Extracting legal content...
2026-08-06 12:37:04,016 INFO [الدفاع قرار استثناء عقد تصليح طائرات.docx] Extracting legal content completed.
2026-08-06 12:37:04,016 INFO [الدفاع قرار استثناء عقد تصليح طائرات.docx] Building JSON...
2026-08-06 12:37:04,016 INFO [الدفاع قرار استثناء عقد تصليح طائرات.docx] Building JSON completed.
2026-08-06 12:37:04,016 INFO [الدفاع قرار استثناء عقد تصليح طائرات.docx] Validating JSON...
2026-08-06 12:37:04,016 INFO [الدفاع قرار استثناء عقد تصليح طائرات.docx] Validating JSON completed.
2026-08-06 12:37:04,016 INFO [الدفاع قرار استثناء عقد تصليح طائرات.docx] Saving output...
2026-08-06 12:37:04,039 INFO [الدفاع قرار استثناء عقد تصليح طائرات.docx] Saving output completed.
2026-08-06 12:37:04,040 INFO [الدفاع قرار استثناء عقد تصليح طائرات.docx] Completed. Output: data\output\الدفاع قرار استثناء عقد تصليح طائرات_15.json
2026-08-06 12:37:04,040 INFO [النفط توصية الطاقة حقل الناصرية.docx] Loading document...
2026-08-06 12:37:04,045 INFO [النفط توصية الطاقة حقل الناصرية.docx] Loading document completed.
2026-08-06 12:37:04,045 INFO [النفط توصية الطاقة حقل الناصرية.docx] Cleaning document...
2026-08-06 12:37:04,047 INFO [النفط توصية الطاقة حقل الناصرية.docx] Cleaning document completed.
2026-08-06 12:37:04,047 INFO [النفط توصية الطاقة حقل الناصرية.docx] Detecting document type...
2026-08-06 12:37:04,047 INFO [النفط توصية الطاقة حقل الناصرية.docx] Detecting document type completed.
2026-08-06 12:37:04,047 INFO [النفط توصية الطاقة حقل الناصرية.docx] Extracting metadata...
2026-08-06 12:37:04,048 INFO [النفط توصية الطاقة حقل الناصرية.docx] Extracting metadata completed.
2026-08-06 12:37:04,048 INFO [النفط توصية الطاقة حقل الناصرية.docx] Extracting legal content...
2026-08-06 12:37:04,050 INFO [النفط توصية الطاقة حقل الناصرية.docx] Extracting legal content completed.
2026-08-06 12:37:04,051 INFO [النفط توصية الطاقة حقل الناصرية.docx] Building JSON...
2026-08-06 12:37:04,051 INFO [النفط توصية الطاقة حقل الناصرية.docx] Building JSON completed.
2026-08-06 12:37:04,051 INFO [النفط توصية الطاقة حقل الناصرية.docx] Validating JSON...
2026-08-06 12:37:04,051 INFO [النفط توصية الطاقة حقل الناصرية.docx] Validating JSON completed.
2026-08-06 12:37:04,051 INFO [النفط توصية الطاقة حقل الناصرية.docx] Saving output...
2026-08-06 12:37:04,075 INFO [النفط توصية الطاقة حقل الناصرية.docx] Saving output completed.
2026-08-06 12:37:04,075 INFO [النفط توصية الطاقة حقل الناصرية.docx] Completed. Output: data\output\النفط توصية الطاقة حقل الناصرية_15.json
2026-08-06 12:37:04,075 INFO [قرار استثناء عقد تصليح الطائرات المروحية.docx] Loading document...
2026-08-06 12:37:04,079 INFO [قرار استثناء عقد تصليح الطائرات المروحية.docx] Loading document completed.
2026-08-06 12:37:04,079 INFO [قرار استثناء عقد تصليح الطائرات المروحية.docx] Cleaning document...
2026-08-06 12:37:04,080 INFO [قرار استثناء عقد تصليح الطائرات المروحية.docx] Cleaning document completed.
2026-08-06 12:37:04,080 INFO [قرار استثناء عقد تصليح الطائرات المروحية.docx] Detecting document type...
2026-08-06 12:37:04,080 INFO [قرار استثناء عقد تصليح الطائرات المروحية.docx] Detecting document type completed.
2026-08-06 12:37:04,080 INFO [قرار استثناء عقد تصليح الطائرات المروحية.docx] Extracting metadata...
2026-08-06 12:37:04,081 INFO [قرار استثناء عقد تصليح الطائرات المروحية.docx] Extracting metadata completed.
2026-08-06 12:37:04,081 INFO [قرار استثناء عقد تصليح الطائرات المروحية.docx] Extracting legal content...
2026-08-06 12:37:04,082 INFO [قرار استثناء عقد تصليح الطائرات المروحية.docx] Extracting legal content completed.
2026-08-06 12:37:04,082 INFO [قرار استثناء عقد تصليح الطائرات المروحية.docx] Building JSON...
2026-08-06 12:37:04,082 INFO [قرار استثناء عقد تصليح الطائرات المروحية.docx] Building JSON completed.
2026-08-06 12:37:04,082 INFO [قرار استثناء عقد تصليح الطائرات المروحية.docx] Validating JSON...
2026-08-06 12:37:04,082 INFO [قرار استثناء عقد تصليح الطائرات المروحية.docx] Validating JSON completed.
2026-08-06 12:37:04,082 INFO [قرار استثناء عقد تصليح الطائرات المروحية.docx] Saving output...
2026-08-06 12:37:04,103 INFO [قرار استثناء عقد تصليح الطائرات المروحية.docx] Saving output completed.
2026-08-06 12:37:04,104 INFO [قرار استثناء عقد تصليح الطائرات المروحية.docx] Completed. Output: data\output\قرار استثناء عقد تصليح الطائرات المروحية_18.json
2026-08-06 12:37:04,104 INFO [قرار توصية الطاقة حقل الناصرية.docx] Loading document...
2026-08-06 12:37:04,106 INFO [قرار توصية الطاقة حقل الناصرية.docx] Loading document completed.
2026-08-06 12:37:04,108 INFO [قرار توصية الطاقة حقل الناصرية.docx] Cleaning document...
2026-08-06 12:37:04,109 INFO [قرار توصية الطاقة حقل الناصرية.docx] Cleaning document completed.
2026-08-06 12:37:04,109 INFO [قرار توصية الطاقة حقل الناصرية.docx] Detecting document type...
2026-08-06 12:37:04,109 INFO [قرار توصية الطاقة حقل الناصرية.docx] Detecting document type completed.
2026-08-06 12:37:04,109 INFO [قرار توصية الطاقة حقل الناصرية.docx] Extracting metadata...
2026-08-06 12:37:04,110 INFO [قرار توصية الطاقة حقل الناصرية.docx] Extracting metadata completed.
2026-08-06 12:37:04,110 INFO [قرار توصية الطاقة حقل الناصرية.docx] Extracting legal content...
2026-08-06 12:37:04,111 INFO [قرار توصية الطاقة حقل الناصرية.docx] Extracting legal content completed.
2026-08-06 12:37:04,111 INFO [قرار توصية الطاقة حقل الناصرية.docx] Building JSON...
2026-08-06 12:37:04,111 INFO [قرار توصية الطاقة حقل الناصرية.docx] Building JSON completed.
2026-08-06 12:37:04,111 INFO [قرار توصية الطاقة حقل الناصرية.docx] Validating JSON...
2026-08-06 12:37:04,111 INFO [قرار توصية الطاقة حقل الناصرية.docx] Validating JSON completed.
2026-08-06 12:37:04,111 INFO [قرار توصية الطاقة حقل الناصرية.docx] Saving output...
2026-08-06 12:37:04,129 INFO [قرار توصية الطاقة حقل الناصرية.docx] Saving output completed.
2026-08-06 12:37:04,129 INFO [قرار توصية الطاقة حقل الناصرية.docx] Completed. Output: data\output\قرار توصية الطاقة حقل الناصرية_15.json
2026-08-06 12:37:04,129 INFO [وزارة الصحة لجنة الصيادله.docx] Loading document...
2026-08-06 12:37:04,132 INFO [وزارة الصحة لجنة الصيادله.docx] Loading document completed.
2026-08-06 12:37:04,132 INFO [وزارة الصحة لجنة الصيادله.docx] Cleaning document...
2026-08-06 12:37:04,135 INFO [وزارة الصحة لجنة الصيادله.docx] Cleaning document completed.
2026-08-06 12:37:04,135 INFO [وزارة الصحة لجنة الصيادله.docx] Detecting document type...
2026-08-06 12:37:04,135 INFO [وزارة الصحة لجنة الصيادله.docx] Detecting document type completed.
2026-08-06 12:37:04,135 INFO [وزارة الصحة لجنة الصيادله.docx] Extracting metadata...
2026-08-06 12:37:04,136 INFO [وزارة الصحة لجنة الصيادله.docx] Extracting metadata completed.
2026-08-06 12:37:04,136 INFO [وزارة الصحة لجنة الصيادله.docx] Extracting legal content...
2026-08-06 12:37:04,137 INFO [وزارة الصحة لجنة الصيادله.docx] Extracting legal content completed.
2026-08-06 12:37:04,137 INFO [وزارة الصحة لجنة الصيادله.docx] Building JSON...
2026-08-06 12:37:04,137 INFO [وزارة الصحة لجنة الصيادله.docx] Building JSON completed.
2026-08-06 12:37:04,137 INFO [وزارة الصحة لجنة الصيادله.docx] Validating JSON...
2026-08-06 12:37:04,137 INFO [وزارة الصحة لجنة الصيادله.docx] Validating JSON completed.
2026-08-06 12:37:04,137 INFO [وزارة الصحة لجنة الصيادله.docx] Saving output...
2026-08-06 12:37:04,160 INFO [وزارة الصحة لجنة الصيادله.docx] Saving output completed.
2026-08-06 12:37:04,161 INFO [وزارة الصحة لجنة الصيادله.docx] Completed. Output: data\output\وزارة الصحة لجنة الصيادله_15.json
2026-08-06 13:36:10,952 INFO [الدفاع قرار استثناء عقد تصليح طائرات.docx] Loading document...
2026-08-06 13:36:10,955 INFO [الدفاع قرار استثناء عقد تصليح طائرات.docx] Loading document completed.
2026-08-06 13:36:10,955 INFO [الدفاع قرار استثناء عقد تصليح طائرات.docx] Cleaning document...
2026-08-06 13:36:10,956 INFO [الدفاع قرار استثناء عقد تصليح طائرات.docx] Cleaning document completed.
2026-08-06 13:36:10,956 INFO [الدفاع قرار استثناء عقد تصليح طائرات.docx] Detecting document type...
2026-08-06 13:36:10,956 INFO [الدفاع قرار استثناء عقد تصليح طائرات.docx] Detecting document type completed.
2026-08-06 13:36:10,956 INFO [الدفاع قرار استثناء عقد تصليح طائرات.docx] Extracting metadata...
2026-08-06 13:36:10,957 INFO [الدفاع قرار استثناء عقد تصليح طائرات.docx] Extracting metadata completed.
2026-08-06 13:36:10,957 INFO [الدفاع قرار استثناء عقد تصليح طائرات.docx] Extracting legal content...
2026-08-06 13:36:10,958 INFO [الدفاع قرار استثناء عقد تصليح طائرات.docx] Extracting legal content completed.
2026-08-06 13:36:10,958 INFO [الدفاع قرار استثناء عقد تصليح طائرات.docx] Building JSON...
2026-08-06 13:36:10,958 INFO [الدفاع قرار استثناء عقد تصليح طائرات.docx] Building JSON completed.
2026-08-06 13:36:10,958 INFO [الدفاع قرار استثناء عقد تصليح طائرات.docx] Validating JSON...
2026-08-06 13:36:10,958 INFO [الدفاع قرار استثناء عقد تصليح طائرات.docx] Validating JSON completed.
2026-08-06 13:36:10,958 INFO [الدفاع قرار استثناء عقد تصليح طائرات.docx] Saving output...
2026-08-06 13:36:10,979 INFO [الدفاع قرار استثناء عقد تصليح طائرات.docx] Saving output completed.
2026-08-06 13:36:10,979 INFO [الدفاع قرار استثناء عقد تصليح طائرات.docx] Completed. Output: data\output\الدفاع قرار استثناء عقد تصليح طائرات_16.json
2026-08-06 13:36:10,979 INFO [النفط توصية الطاقة حقل الناصرية.docx] Loading document...
2026-08-06 13:36:10,982 INFO [النفط توصية الطاقة حقل الناصرية.docx] Loading document completed.
2026-08-06 13:36:10,982 INFO [النفط توصية الطاقة حقل الناصرية.docx] Cleaning document...
2026-08-06 13:36:10,983 INFO [النفط توصية الطاقة حقل الناصرية.docx] Cleaning document completed.
2026-08-06 13:36:10,983 INFO [النفط توصية الطاقة حقل الناصرية.docx] Detecting document type...
2026-08-06 13:36:10,983 INFO [النفط توصية الطاقة حقل الناصرية.docx] Detecting document type completed.
2026-08-06 13:36:10,985 INFO [النفط توصية الطاقة حقل الناصرية.docx] Extracting metadata...
2026-08-06 13:36:10,985 INFO [النفط توصية الطاقة حقل الناصرية.docx] Extracting metadata completed.
2026-08-06 13:36:10,985 INFO [النفط توصية الطاقة حقل الناصرية.docx] Extracting legal content...
2026-08-06 13:36:10,986 INFO [النفط توصية الطاقة حقل الناصرية.docx] Extracting legal content completed.
2026-08-06 13:36:10,986 INFO [النفط توصية الطاقة حقل الناصرية.docx] Building JSON...
2026-08-06 13:36:10,986 INFO [النفط توصية الطاقة حقل الناصرية.docx] Building JSON completed.
2026-08-06 13:36:10,986 INFO [النفط توصية الطاقة حقل الناصرية.docx] Validating JSON...
2026-08-06 13:36:10,986 INFO [النفط توصية الطاقة حقل الناصرية.docx] Validating JSON completed.
2026-08-06 13:36:10,986 INFO [النفط توصية الطاقة حقل الناصرية.docx] Saving output...
2026-08-06 13:36:11,006 INFO [النفط توصية الطاقة حقل الناصرية.docx] Saving output completed.
2026-08-06 13:36:11,006 INFO [النفط توصية الطاقة حقل الناصرية.docx] Completed. Output: data\output\النفط توصية الطاقة حقل الناصرية_16.json
2026-08-06 13:36:11,006 INFO [قرار استثناء عقد تصليح الطائرات المروحية.docx] Loading document...
2026-08-06 13:36:11,008 INFO [قرار استثناء عقد تصليح الطائرات المروحية.docx] Loading document completed.
2026-08-06 13:36:11,008 INFO [قرار استثناء عقد تصليح الطائرات المروحية.docx] Cleaning document...
2026-08-06 13:36:11,009 INFO [قرار استثناء عقد تصليح الطائرات المروحية.docx] Cleaning document completed.
2026-08-06 13:36:11,009 INFO [قرار استثناء عقد تصليح الطائرات المروحية.docx] Detecting document type...
2026-08-06 13:36:11,009 INFO [قرار استثناء عقد تصليح الطائرات المروحية.docx] Detecting document type completed.
2026-08-06 13:36:11,009 INFO [قرار استثناء عقد تصليح الطائرات المروحية.docx] Extracting metadata...
2026-08-06 13:36:11,009 INFO [قرار استثناء عقد تصليح الطائرات المروحية.docx] Extracting metadata completed.
2026-08-06 13:36:11,009 INFO [قرار استثناء عقد تصليح الطائرات المروحية.docx] Extracting legal content...
2026-08-06 13:36:11,010 INFO [قرار استثناء عقد تصليح الطائرات المروحية.docx] Extracting legal content completed.
2026-08-06 13:36:11,010 INFO [قرار استثناء عقد تصليح الطائرات المروحية.docx] Building JSON...
2026-08-06 13:36:11,010 INFO [قرار استثناء عقد تصليح الطائرات المروحية.docx] Building JSON completed.
2026-08-06 13:36:11,010 INFO [قرار استثناء عقد تصليح الطائرات المروحية.docx] Validating JSON...
2026-08-06 13:36:11,010 INFO [قرار استثناء عقد تصليح الطائرات المروحية.docx] Validating JSON completed.
2026-08-06 13:36:11,010 INFO [قرار استثناء عقد تصليح الطائرات المروحية.docx] Saving output...
2026-08-06 13:36:11,027 INFO [قرار استثناء عقد تصليح الطائرات المروحية.docx] Saving output completed.
2026-08-06 13:36:11,027 INFO [قرار استثناء عقد تصليح الطائرات المروحية.docx] Completed. Output: data\output\قرار استثناء عقد تصليح الطائرات المروحية_19.json
2026-08-06 13:36:11,027 INFO [قرار توصية الطاقة حقل الناصرية.docx] Loading document...
2026-08-06 13:36:11,030 INFO [قرار توصية الطاقة حقل الناصرية.docx] Loading document completed.
2026-08-06 13:36:11,030 INFO [قرار توصية الطاقة حقل الناصرية.docx] Cleaning document...
2026-08-06 13:36:11,031 INFO [قرار توصية الطاقة حقل الناصرية.docx] Cleaning document completed.
2026-08-06 13:36:11,031 INFO [قرار توصية الطاقة حقل الناصرية.docx] Detecting document type...
2026-08-06 13:36:11,031 INFO [قرار توصية الطاقة حقل الناصرية.docx] Detecting document type completed.
2026-08-06 13:36:11,031 INFO [قرار توصية الطاقة حقل الناصرية.docx] Extracting metadata...
2026-08-06 13:36:11,031 INFO [قرار توصية الطاقة حقل الناصرية.docx] Extracting metadata completed.
2026-08-06 13:36:11,031 INFO [قرار توصية الطاقة حقل الناصرية.docx] Extracting legal content...
2026-08-06 13:36:11,032 INFO [قرار توصية الطاقة حقل الناصرية.docx] Extracting legal content completed.
2026-08-06 13:36:11,032 INFO [قرار توصية الطاقة حقل الناصرية.docx] Building JSON...
2026-08-06 13:36:11,032 INFO [قرار توصية الطاقة حقل الناصرية.docx] Building JSON completed.
2026-08-06 13:36:11,032 INFO [قرار توصية الطاقة حقل الناصرية.docx] Validating JSON...
2026-08-06 13:36:11,032 INFO [قرار توصية الطاقة حقل الناصرية.docx] Validating JSON completed.
2026-08-06 13:36:11,032 INFO [قرار توصية الطاقة حقل الناصرية.docx] Saving output...
2026-08-06 13:36:11,055 INFO [قرار توصية الطاقة حقل الناصرية.docx] Saving output completed.
2026-08-06 13:36:11,055 INFO [قرار توصية الطاقة حقل الناصرية.docx] Completed. Output: data\output\قرار توصية الطاقة حقل الناصرية_16.json
2026-08-06 13:36:11,055 INFO [وزارة الصحة لجنة الصيادله.docx] Loading document...
2026-08-06 13:36:11,059 INFO [وزارة الصحة لجنة الصيادله.docx] Loading document completed.
2026-08-06 13:36:11,059 INFO [وزارة الصحة لجنة الصيادله.docx] Cleaning document...
2026-08-06 13:36:11,059 INFO [وزارة الصحة لجنة الصيادله.docx] Cleaning document completed.
2026-08-06 13:36:11,060 INFO [وزارة الصحة لجنة الصيادله.docx] Detecting document type...
2026-08-06 13:36:11,060 INFO [وزارة الصحة لجنة الصيادله.docx] Detecting document type completed.
2026-08-06 13:36:11,060 INFO [وزارة الصحة لجنة الصيادله.docx] Extracting metadata...
2026-08-06 13:36:11,060 INFO [وزارة الصحة لجنة الصيادله.docx] Extracting metadata completed.
2026-08-06 13:36:11,060 INFO [وزارة الصحة لجنة الصيادله.docx] Extracting legal content...
2026-08-06 13:36:11,061 INFO [وزارة الصحة لجنة الصيادله.docx] Extracting legal content completed.
2026-08-06 13:36:11,061 INFO [وزارة الصحة لجنة الصيادله.docx] Building JSON...
2026-08-06 13:36:11,061 INFO [وزارة الصحة لجنة الصيادله.docx] Building JSON completed.
2026-08-06 13:36:11,061 INFO [وزارة الصحة لجنة الصيادله.docx] Validating JSON...
2026-08-06 13:36:11,061 INFO [وزارة الصحة لجنة الصيادله.docx] Validating JSON completed.
2026-08-06 13:36:11,061 INFO [وزارة الصحة لجنة الصيادله.docx] Saving output...
2026-08-06 13:36:11,078 INFO [وزارة الصحة لجنة الصيادله.docx] Saving output completed.
2026-08-06 13:36:11,078 INFO [وزارة الصحة لجنة الصيادله.docx] Completed. Output: data\output\وزارة الصحة لجنة الصيادله_16.json
2026-08-06 13:38:40,315 INFO [الدفاع قرار استثناء عقد تصليح طائرات.docx] Loading document...
2026-08-06 13:38:40,319 INFO [الدفاع قرار استثناء عقد تصليح طائرات.docx] Loading document completed.
2026-08-06 13:38:40,319 INFO [الدفاع قرار استثناء عقد تصليح طائرات.docx] Cleaning document...
2026-08-06 13:38:40,320 INFO [الدفاع قرار استثناء عقد تصليح طائرات.docx] Cleaning document completed.
2026-08-06 13:38:40,320 INFO [الدفاع قرار استثناء عقد تصليح طائرات.docx] Detecting document type...
2026-08-06 13:38:40,320 INFO [الدفاع قرار استثناء عقد تصليح طائرات.docx] Detecting document type completed.
2026-08-06 13:38:40,320 INFO [الدفاع قرار استثناء عقد تصليح طائرات.docx] Extracting metadata...
2026-08-06 13:38:40,321 INFO [الدفاع قرار استثناء عقد تصليح طائرات.docx] Extracting metadata completed.
2026-08-06 13:38:40,321 INFO [الدفاع قرار استثناء عقد تصليح طائرات.docx] Extracting legal content...
2026-08-06 13:38:40,322 INFO [الدفاع قرار استثناء عقد تصليح طائرات.docx] Extracting legal content completed.
2026-08-06 13:38:40,322 INFO [الدفاع قرار استثناء عقد تصليح طائرات.docx] Building JSON...
2026-08-06 13:38:40,322 INFO [الدفاع قرار استثناء عقد تصليح طائرات.docx] Building JSON completed.
2026-08-06 13:38:40,322 INFO [الدفاع قرار استثناء عقد تصليح طائرات.docx] Validating JSON...
2026-08-06 13:38:40,322 INFO [الدفاع قرار استثناء عقد تصليح طائرات.docx] Validating JSON completed.
2026-08-06 13:38:40,323 INFO [الدفاع قرار استثناء عقد تصليح طائرات.docx] Saving output...
2026-08-06 13:38:40,342 INFO [الدفاع قرار استثناء عقد تصليح طائرات.docx] Saving output completed.
2026-08-06 13:38:40,342 INFO [الدفاع قرار استثناء عقد تصليح طائرات.docx] Completed. Output: data\output\الدفاع قرار استثناء عقد تصليح طائرات_17.json
2026-08-06 13:38:40,342 INFO [النفط توصية الطاقة حقل الناصرية.docx] Loading document...
2026-08-06 13:38:40,344 INFO [النفط توصية الطاقة حقل الناصرية.docx] Loading document completed.
2026-08-06 13:38:40,345 INFO [النفط توصية الطاقة حقل الناصرية.docx] Cleaning document...
2026-08-06 13:38:40,345 INFO [النفط توصية الطاقة حقل الناصرية.docx] Cleaning document completed.
2026-08-06 13:38:40,346 INFO [النفط توصية الطاقة حقل الناصرية.docx] Detecting document type...
2026-08-06 13:38:40,346 INFO [النفط توصية الطاقة حقل الناصرية.docx] Detecting document type completed.
2026-08-06 13:38:40,346 INFO [النفط توصية الطاقة حقل الناصرية.docx] Extracting metadata...
2026-08-06 13:38:40,346 INFO [النفط توصية الطاقة حقل الناصرية.docx] Extracting metadata completed.
2026-08-06 13:38:40,346 INFO [النفط توصية الطاقة حقل الناصرية.docx] Extracting legal content...
2026-08-06 13:38:40,348 INFO [النفط توصية الطاقة حقل الناصرية.docx] Extracting legal content completed.
2026-08-06 13:38:40,348 INFO [النفط توصية الطاقة حقل الناصرية.docx] Building JSON...
2026-08-06 13:38:40,348 INFO [النفط توصية الطاقة حقل الناصرية.docx] Building JSON completed.
2026-08-06 13:38:40,348 INFO [النفط توصية الطاقة حقل الناصرية.docx] Validating JSON...
2026-08-06 13:38:40,348 INFO [النفط توصية الطاقة حقل الناصرية.docx] Validating JSON completed.
2026-08-06 13:38:40,349 INFO [النفط توصية الطاقة حقل الناصرية.docx] Saving output...
2026-08-06 13:38:40,366 INFO [النفط توصية الطاقة حقل الناصرية.docx] Saving output completed.
2026-08-06 13:38:40,366 INFO [النفط توصية الطاقة حقل الناصرية.docx] Completed. Output: data\output\النفط توصية الطاقة حقل الناصرية_17.json
2026-08-06 13:38:40,368 INFO [قرار استثناء عقد تصليح الطائرات المروحية.docx] Loading document...
2026-08-06 13:38:40,369 INFO [قرار استثناء عقد تصليح الطائرات المروحية.docx] Loading document completed.
2026-08-06 13:38:40,369 INFO [قرار استثناء عقد تصليح الطائرات المروحية.docx] Cleaning document...
2026-08-06 13:38:40,369 INFO [قرار استثناء عقد تصليح الطائرات المروحية.docx] Cleaning document completed.
2026-08-06 13:38:40,369 INFO [قرار استثناء عقد تصليح الطائرات المروحية.docx] Detecting document type...
2026-08-06 13:38:40,370 INFO [قرار استثناء عقد تصليح الطائرات المروحية.docx] Detecting document type completed.
2026-08-06 13:38:40,370 INFO [قرار استثناء عقد تصليح الطائرات المروحية.docx] Extracting metadata...
2026-08-06 13:38:40,370 INFO [قرار استثناء عقد تصليح الطائرات المروحية.docx] Extracting metadata completed.
2026-08-06 13:38:40,370 INFO [قرار استثناء عقد تصليح الطائرات المروحية.docx] Extracting legal content...
2026-08-06 13:38:40,372 INFO [قرار استثناء عقد تصليح الطائرات المروحية.docx] Extracting legal content completed.
2026-08-06 13:38:40,372 INFO [قرار استثناء عقد تصليح الطائرات المروحية.docx] Building JSON...
2026-08-06 13:38:40,372 INFO [قرار استثناء عقد تصليح الطائرات المروحية.docx] Building JSON completed.
2026-08-06 13:38:40,372 INFO [قرار استثناء عقد تصليح الطائرات المروحية.docx] Validating JSON...
2026-08-06 13:38:40,372 INFO [قرار استثناء عقد تصليح الطائرات المروحية.docx] Validating JSON completed.
2026-08-06 13:38:40,372 INFO [قرار استثناء عقد تصليح الطائرات المروحية.docx] Saving output...
2026-08-06 13:38:40,390 INFO [قرار استثناء عقد تصليح الطائرات المروحية.docx] Saving output completed.
2026-08-06 13:38:40,390 INFO [قرار استثناء عقد تصليح الطائرات المروحية.docx] Completed. Output: data\output\قرار استثناء عقد تصليح الطائرات المروحية_20.json
2026-08-06 13:38:40,390 INFO [قرار توصية الطاقة حقل الناصرية.docx] Loading document...
2026-08-06 13:38:40,391 INFO [قرار توصية الطاقة حقل الناصرية.docx] Loading document completed.
2026-08-06 13:38:40,392 INFO [قرار توصية الطاقة حقل الناصرية.docx] Cleaning document...
2026-08-06 13:38:40,392 INFO [قرار توصية الطاقة حقل الناصرية.docx] Cleaning document completed.
2026-08-06 13:38:40,392 INFO [قرار توصية الطاقة حقل الناصرية.docx] Detecting document type...
2026-08-06 13:38:40,394 INFO [قرار توصية الطاقة حقل الناصرية.docx] Detecting document type completed.
2026-08-06 13:38:40,394 INFO [قرار توصية الطاقة حقل الناصرية.docx] Extracting metadata...
2026-08-06 13:38:40,394 INFO [قرار توصية الطاقة حقل الناصرية.docx] Extracting metadata completed.
2026-08-06 13:38:40,394 INFO [قرار توصية الطاقة حقل الناصرية.docx] Extracting legal content...
2026-08-06 13:38:40,395 INFO [قرار توصية الطاقة حقل الناصرية.docx] Extracting legal content completed.
2026-08-06 13:38:40,395 INFO [قرار توصية الطاقة حقل الناصرية.docx] Building JSON...
2026-08-06 13:38:40,395 INFO [قرار توصية الطاقة حقل الناصرية.docx] Building JSON completed.
2026-08-06 13:38:40,395 INFO [قرار توصية الطاقة حقل الناصرية.docx] Validating JSON...
2026-08-06 13:38:40,395 INFO [قرار توصية الطاقة حقل الناصرية.docx] Validating JSON completed.
2026-08-06 13:38:40,395 INFO [قرار توصية الطاقة حقل الناصرية.docx] Saving output...
2026-08-06 13:38:40,415 INFO [قرار توصية الطاقة حقل الناصرية.docx] Saving output completed.
2026-08-06 13:38:40,415 INFO [قرار توصية الطاقة حقل الناصرية.docx] Completed. Output: data\output\قرار توصية الطاقة حقل الناصرية_17.json
2026-08-06 13:38:40,415 INFO [وزارة الصحة لجنة الصيادله.docx] Loading document...
2026-08-06 13:38:40,418 INFO [وزارة الصحة لجنة الصيادله.docx] Loading document completed.
2026-08-06 13:38:40,418 INFO [وزارة الصحة لجنة الصيادله.docx] Cleaning document...
2026-08-06 13:38:40,418 INFO [وزارة الصحة لجنة الصيادله.docx] Cleaning document completed.
2026-08-06 13:38:40,418 INFO [وزارة الصحة لجنة الصيادله.docx] Detecting document type...
2026-08-06 13:38:40,419 INFO [وزارة الصحة لجنة الصيادله.docx] Detecting document type completed.
2026-08-06 13:38:40,419 INFO [وزارة الصحة لجنة الصيادله.docx] Extracting metadata...
2026-08-06 13:38:40,419 INFO [وزارة الصحة لجنة الصيادله.docx] Extracting metadata completed.
2026-08-06 13:38:40,419 INFO [وزارة الصحة لجنة الصيادله.docx] Extracting legal content...
2026-08-06 13:38:40,420 INFO [وزارة الصحة لجنة الصيادله.docx] Extracting legal content completed.
2026-08-06 13:38:40,420 INFO [وزارة الصحة لجنة الصيادله.docx] Building JSON...
2026-08-06 13:38:40,420 INFO [وزارة الصحة لجنة الصيادله.docx] Building JSON completed.
2026-08-06 13:38:40,420 INFO [وزارة الصحة لجنة الصيادله.docx] Validating JSON...
2026-08-06 13:38:40,420 INFO [وزارة الصحة لجنة الصيادله.docx] Validating JSON completed.
2026-08-06 13:38:40,420 INFO [وزارة الصحة لجنة الصيادله.docx] Saving output...
2026-08-06 13:38:40,440 INFO [وزارة الصحة لجنة الصيادله.docx] Saving output completed.
2026-08-06 13:38:40,441 INFO [وزارة الصحة لجنة الصيادله.docx] Completed. Output: data\output\وزارة الصحة لجنة الصيادله_17.json
2026-08-06 13:43:31,509 INFO [الدفاع قرار استثناء عقد تصليح طائرات.docx] Loading document...
2026-08-06 13:43:31,512 INFO [الدفاع قرار استثناء عقد تصليح طائرات.docx] Loading document completed.
2026-08-06 13:43:31,512 INFO [الدفاع قرار استثناء عقد تصليح طائرات.docx] Cleaning document...
2026-08-06 13:43:31,513 INFO [الدفاع قرار استثناء عقد تصليح طائرات.docx] Cleaning document completed.
2026-08-06 13:43:31,513 INFO [الدفاع قرار استثناء عقد تصليح طائرات.docx] Detecting document type...
2026-08-06 13:43:31,513 INFO [الدفاع قرار استثناء عقد تصليح طائرات.docx] Detecting document type completed.
2026-08-06 13:43:31,513 INFO [الدفاع قرار استثناء عقد تصليح طائرات.docx] Extracting metadata...
2026-08-06 13:43:31,514 INFO [الدفاع قرار استثناء عقد تصليح طائرات.docx] Extracting metadata completed.
2026-08-06 13:43:31,514 INFO [الدفاع قرار استثناء عقد تصليح طائرات.docx] Extracting legal content...
2026-08-06 13:43:31,515 INFO [الدفاع قرار استثناء عقد تصليح طائرات.docx] Extracting legal content completed.
2026-08-06 13:43:31,516 INFO [الدفاع قرار استثناء عقد تصليح طائرات.docx] Building JSON...
2026-08-06 13:43:31,516 INFO [الدفاع قرار استثناء عقد تصليح طائرات.docx] Building JSON completed.
2026-08-06 13:43:31,516 INFO [الدفاع قرار استثناء عقد تصليح طائرات.docx] Validating JSON...
2026-08-06 13:43:31,516 INFO [الدفاع قرار استثناء عقد تصليح طائرات.docx] Validating JSON completed.
2026-08-06 13:43:31,516 INFO [الدفاع قرار استثناء عقد تصليح طائرات.docx] Saving output...
2026-08-06 13:43:31,534 INFO [الدفاع قرار استثناء عقد تصليح طائرات.docx] Saving output completed.
2026-08-06 13:43:31,534 INFO [الدفاع قرار استثناء عقد تصليح طائرات.docx] Completed. Output: data\output\الدفاع قرار استثناء عقد تصليح طائرات_18.json
2026-08-06 13:43:31,534 INFO [النفط توصية الطاقة حقل الناصرية.docx] Loading document...
2026-08-06 13:43:31,536 INFO [النفط توصية الطاقة حقل الناصرية.docx] Loading document completed.
2026-08-06 13:43:31,536 INFO [النفط توصية الطاقة حقل الناصرية.docx] Cleaning document...
2026-08-06 13:43:31,537 INFO [النفط توصية الطاقة حقل الناصرية.docx] Cleaning document completed.
2026-08-06 13:43:31,537 INFO [النفط توصية الطاقة حقل الناصرية.docx] Detecting document type...
2026-08-06 13:43:31,537 INFO [النفط توصية الطاقة حقل الناصرية.docx] Detecting document type completed.
2026-08-06 13:43:31,537 INFO [النفط توصية الطاقة حقل الناصرية.docx] Extracting metadata...
2026-08-06 13:43:31,538 INFO [النفط توصية الطاقة حقل الناصرية.docx] Extracting metadata completed.
2026-08-06 13:43:31,538 INFO [النفط توصية الطاقة حقل الناصرية.docx] Extracting legal content...
2026-08-06 13:43:31,539 INFO [النفط توصية الطاقة حقل الناصرية.docx] Extracting legal content completed.
2026-08-06 13:43:31,539 INFO [النفط توصية الطاقة حقل الناصرية.docx] Building JSON...
2026-08-06 13:43:31,539 INFO [النفط توصية الطاقة حقل الناصرية.docx] Building JSON completed.
2026-08-06 13:43:31,539 INFO [النفط توصية الطاقة حقل الناصرية.docx] Validating JSON...
2026-08-06 13:43:31,539 INFO [النفط توصية الطاقة حقل الناصرية.docx] Validating JSON completed.
2026-08-06 13:43:31,539 INFO [النفط توصية الطاقة حقل الناصرية.docx] Saving output...
2026-08-06 13:43:31,559 INFO [النفط توصية الطاقة حقل الناصرية.docx] Saving output completed.
2026-08-06 13:43:31,559 INFO [النفط توصية الطاقة حقل الناصرية.docx] Completed. Output: data\output\النفط توصية الطاقة حقل الناصرية_18.json
2026-08-06 13:43:31,559 INFO [قرار استثناء عقد تصليح الطائرات المروحية.docx] Loading document...
2026-08-06 13:43:31,562 INFO [قرار استثناء عقد تصليح الطائرات المروحية.docx] Loading document completed.
2026-08-06 13:43:31,562 INFO [قرار استثناء عقد تصليح الطائرات المروحية.docx] Cleaning document...
2026-08-06 13:43:31,562 INFO [قرار استثناء عقد تصليح الطائرات المروحية.docx] Cleaning document completed.
2026-08-06 13:43:31,562 INFO [قرار استثناء عقد تصليح الطائرات المروحية.docx] Detecting document type...
2026-08-06 13:43:31,562 INFO [قرار استثناء عقد تصليح الطائرات المروحية.docx] Detecting document type completed.
2026-08-06 13:43:31,562 INFO [قرار استثناء عقد تصليح الطائرات المروحية.docx] Extracting metadata...
2026-08-06 13:43:31,563 INFO [قرار استثناء عقد تصليح الطائرات المروحية.docx] Extracting metadata completed.
2026-08-06 13:43:31,563 INFO [قرار استثناء عقد تصليح الطائرات المروحية.docx] Extracting legal content...
2026-08-06 13:43:31,563 INFO [قرار استثناء عقد تصليح الطائرات المروحية.docx] Extracting legal content completed.
2026-08-06 13:43:31,563 INFO [قرار استثناء عقد تصليح الطائرات المروحية.docx] Building JSON...
2026-08-06 13:43:31,563 INFO [قرار استثناء عقد تصليح الطائرات المروحية.docx] Building JSON completed.
2026-08-06 13:43:31,563 INFO [قرار استثناء عقد تصليح الطائرات المروحية.docx] Validating JSON...
2026-08-06 13:43:31,563 INFO [قرار استثناء عقد تصليح الطائرات المروحية.docx] Validating JSON completed.
2026-08-06 13:43:31,563 INFO [قرار استثناء عقد تصليح الطائرات المروحية.docx] Saving output...
2026-08-06 13:43:31,581 INFO [قرار استثناء عقد تصليح الطائرات المروحية.docx] Saving output completed.
2026-08-06 13:43:31,581 INFO [قرار استثناء عقد تصليح الطائرات المروحية.docx] Completed. Output: data\output\قرار استثناء عقد تصليح الطائرات المروحية_21.json
2026-08-06 13:43:31,581 INFO [قرار توصية الطاقة حقل الناصرية.docx] Loading document...
2026-08-06 13:43:31,583 INFO [قرار توصية الطاقة حقل الناصرية.docx] Loading document completed.
2026-08-06 13:43:31,583 INFO [قرار توصية الطاقة حقل الناصرية.docx] Cleaning document...
2026-08-06 13:43:31,583 INFO [قرار توصية الطاقة حقل الناصرية.docx] Cleaning document completed.
2026-08-06 13:43:31,583 INFO [قرار توصية الطاقة حقل الناصرية.docx] Detecting document type...
2026-08-06 13:43:31,583 INFO [قرار توصية الطاقة حقل الناصرية.docx] Detecting document type completed.
2026-08-06 13:43:31,584 INFO [قرار توصية الطاقة حقل الناصرية.docx] Extracting metadata...
2026-08-06 13:43:31,584 INFO [قرار توصية الطاقة حقل الناصرية.docx] Extracting metadata completed.
2026-08-06 13:43:31,584 INFO [قرار توصية الطاقة حقل الناصرية.docx] Extracting legal content...
2026-08-06 13:43:31,585 INFO [قرار توصية الطاقة حقل الناصرية.docx] Extracting legal content completed.
2026-08-06 13:43:31,585 INFO [قرار توصية الطاقة حقل الناصرية.docx] Building JSON...
2026-08-06 13:43:31,585 INFO [قرار توصية الطاقة حقل الناصرية.docx] Building JSON completed.
2026-08-06 13:43:31,585 INFO [قرار توصية الطاقة حقل الناصرية.docx] Validating JSON...
2026-08-06 13:43:31,585 INFO [قرار توصية الطاقة حقل الناصرية.docx] Validating JSON completed.
2026-08-06 13:43:31,585 INFO [قرار توصية الطاقة حقل الناصرية.docx] Saving output...
2026-08-06 13:43:31,604 INFO [قرار توصية الطاقة حقل الناصرية.docx] Saving output completed.
2026-08-06 13:43:31,604 INFO [قرار توصية الطاقة حقل الناصرية.docx] Completed. Output: data\output\قرار توصية الطاقة حقل الناصرية_18.json
2026-08-06 13:43:31,604 INFO [وزارة الصحة لجنة الصيادله.docx] Loading document...
2026-08-06 13:43:31,606 INFO [وزارة الصحة لجنة الصيادله.docx] Loading document completed.
2026-08-06 13:43:31,606 INFO [وزارة الصحة لجنة الصيادله.docx] Cleaning document...
2026-08-06 13:43:31,607 INFO [وزارة الصحة لجنة الصيادله.docx] Cleaning document completed.
2026-08-06 13:43:31,607 INFO [وزارة الصحة لجنة الصيادله.docx] Detecting document type...
2026-08-06 13:43:31,607 INFO [وزارة الصحة لجنة الصيادله.docx] Detecting document type completed.
2026-08-06 13:43:31,607 INFO [وزارة الصحة لجنة الصيادله.docx] Extracting metadata...
2026-08-06 13:43:31,607 INFO [وزارة الصحة لجنة الصيادله.docx] Extracting metadata completed.
2026-08-06 13:43:31,607 INFO [وزارة الصحة لجنة الصيادله.docx] Extracting legal content...
2026-08-06 13:43:31,608 INFO [وزارة الصحة لجنة الصيادله.docx] Extracting legal content completed.
2026-08-06 13:43:31,608 INFO [وزارة الصحة لجنة الصيادله.docx] Building JSON...
2026-08-06 13:43:31,608 INFO [وزارة الصحة لجنة الصيادله.docx] Building JSON completed.
2026-08-06 13:43:31,608 INFO [وزارة الصحة لجنة الصيادله.docx] Validating JSON...
2026-08-06 13:43:31,608 INFO [وزارة الصحة لجنة الصيادله.docx] Validating JSON completed.
2026-08-06 13:43:31,608 INFO [وزارة الصحة لجنة الصيادله.docx] Saving output...
2026-08-06 13:43:31,627 INFO [وزارة الصحة لجنة الصيادله.docx] Saving output completed.
2026-08-06 13:43:31,627 INFO [وزارة الصحة لجنة الصيادله.docx] Completed. Output: data\output\وزارة الصحة لجنة الصيادله_18.json
2026-08-06 13:55:56,627 INFO [الدفاع قرار استثناء عقد تصليح طائرات.docx] Loading document...
2026-08-06 13:55:56,630 INFO [الدفاع قرار استثناء عقد تصليح طائرات.docx] Loading document completed.
2026-08-06 13:55:56,630 INFO [الدفاع قرار استثناء عقد تصليح طائرات.docx] Cleaning document...
2026-08-06 13:55:56,631 INFO [الدفاع قرار استثناء عقد تصليح طائرات.docx] Cleaning document completed.
2026-08-06 13:55:56,631 INFO [الدفاع قرار استثناء عقد تصليح طائرات.docx] Detecting document type...
2026-08-06 13:55:56,631 INFO [الدفاع قرار استثناء عقد تصليح طائرات.docx] Detecting document type completed.
2026-08-06 13:55:56,631 INFO [الدفاع قرار استثناء عقد تصليح طائرات.docx] Extracting metadata...
2026-08-06 13:55:56,632 INFO [الدفاع قرار استثناء عقد تصليح طائرات.docx] Extracting metadata completed.
2026-08-06 13:55:56,632 INFO [الدفاع قرار استثناء عقد تصليح طائرات.docx] Extracting legal content...
2026-08-06 13:55:56,634 INFO [الدفاع قرار استثناء عقد تصليح طائرات.docx] Extracting legal content completed.
2026-08-06 13:55:56,634 INFO [الدفاع قرار استثناء عقد تصليح طائرات.docx] Building JSON...
2026-08-06 13:55:56,634 INFO [الدفاع قرار استثناء عقد تصليح طائرات.docx] Building JSON completed.
2026-08-06 13:55:56,634 INFO [الدفاع قرار استثناء عقد تصليح طائرات.docx] Validating JSON...
2026-08-06 13:55:56,634 INFO [الدفاع قرار استثناء عقد تصليح طائرات.docx] Validating JSON completed.
2026-08-06 13:55:56,634 INFO [الدفاع قرار استثناء عقد تصليح طائرات.docx] Saving output...
2026-08-06 13:55:56,650 INFO [الدفاع قرار استثناء عقد تصليح طائرات.docx] Saving output completed.
2026-08-06 13:55:56,650 INFO [الدفاع قرار استثناء عقد تصليح طائرات.docx] Completed. Output: data\output\الدفاع قرار استثناء عقد تصليح طائرات_19.json
2026-08-06 13:55:56,650 INFO [النفط توصية الطاقة حقل الناصرية.docx] Loading document...
2026-08-06 13:55:56,652 INFO [النفط توصية الطاقة حقل الناصرية.docx] Loading document completed.
2026-08-06 13:55:56,652 INFO [النفط توصية الطاقة حقل الناصرية.docx] Cleaning document...
2026-08-06 13:55:56,653 INFO [النفط توصية الطاقة حقل الناصرية.docx] Cleaning document completed.
2026-08-06 13:55:56,653 INFO [النفط توصية الطاقة حقل الناصرية.docx] Detecting document type...
2026-08-06 13:55:56,654 INFO [النفط توصية الطاقة حقل الناصرية.docx] Detecting document type completed.
2026-08-06 13:55:56,654 INFO [النفط توصية الطاقة حقل الناصرية.docx] Extracting metadata...
2026-08-06 13:55:56,654 INFO [النفط توصية الطاقة حقل الناصرية.docx] Extracting metadata completed.
2026-08-06 13:55:56,654 INFO [النفط توصية الطاقة حقل الناصرية.docx] Extracting legal content...
2026-08-06 13:55:56,656 INFO [النفط توصية الطاقة حقل الناصرية.docx] Extracting legal content completed.
2026-08-06 13:55:56,656 INFO [النفط توصية الطاقة حقل الناصرية.docx] Building JSON...
2026-08-06 13:55:56,656 INFO [النفط توصية الطاقة حقل الناصرية.docx] Building JSON completed.
2026-08-06 13:55:56,656 INFO [النفط توصية الطاقة حقل الناصرية.docx] Validating JSON...
2026-08-06 13:55:56,656 INFO [النفط توصية الطاقة حقل الناصرية.docx] Validating JSON completed.
2026-08-06 13:55:56,656 INFO [النفط توصية الطاقة حقل الناصرية.docx] Saving output...
2026-08-06 13:55:56,676 INFO [النفط توصية الطاقة حقل الناصرية.docx] Saving output completed.
2026-08-06 13:55:56,676 INFO [النفط توصية الطاقة حقل الناصرية.docx] Completed. Output: data\output\النفط توصية الطاقة حقل الناصرية_19.json
2026-08-06 13:55:56,676 INFO [قرار استثناء عقد تصليح الطائرات المروحية.docx] Loading document...
2026-08-06 13:55:56,679 INFO [قرار استثناء عقد تصليح الطائرات المروحية.docx] Loading document completed.
2026-08-06 13:55:56,679 INFO [قرار استثناء عقد تصليح الطائرات المروحية.docx] Cleaning document...
2026-08-06 13:55:56,679 INFO [قرار استثناء عقد تصليح الطائرات المروحية.docx] Cleaning document completed.
2026-08-06 13:55:56,679 INFO [قرار استثناء عقد تصليح الطائرات المروحية.docx] Detecting document type...
2026-08-06 13:55:56,680 INFO [قرار استثناء عقد تصليح الطائرات المروحية.docx] Detecting document type completed.
2026-08-06 13:55:56,680 INFO [قرار استثناء عقد تصليح الطائرات المروحية.docx] Extracting metadata...
2026-08-06 13:55:56,680 INFO [قرار استثناء عقد تصليح الطائرات المروحية.docx] Extracting metadata completed.
2026-08-06 13:55:56,680 INFO [قرار استثناء عقد تصليح الطائرات المروحية.docx] Extracting legal content...
2026-08-06 13:55:56,681 INFO [قرار استثناء عقد تصليح الطائرات المروحية.docx] Extracting legal content completed.
2026-08-06 13:55:56,681 INFO [قرار استثناء عقد تصليح الطائرات المروحية.docx] Building JSON...
2026-08-06 13:55:56,681 INFO [قرار استثناء عقد تصليح الطائرات المروحية.docx] Building JSON completed.
2026-08-06 13:55:56,681 INFO [قرار استثناء عقد تصليح الطائرات المروحية.docx] Validating JSON...
2026-08-06 13:55:56,681 INFO [قرار استثناء عقد تصليح الطائرات المروحية.docx] Validating JSON completed.
2026-08-06 13:55:56,681 INFO [قرار استثناء عقد تصليح الطائرات المروحية.docx] Saving output...
2026-08-06 13:55:56,701 INFO [قرار استثناء عقد تصليح الطائرات المروحية.docx] Saving output completed.
2026-08-06 13:55:56,701 INFO [قرار استثناء عقد تصليح الطائرات المروحية.docx] Completed. Output: data\output\قرار استثناء عقد تصليح الطائرات المروحية_22.json
2026-08-06 13:55:56,701 INFO [قرار توصية الطاقة حقل الناصرية.docx] Loading document...
2026-08-06 13:55:56,703 INFO [قرار توصية الطاقة حقل الناصرية.docx] Loading document completed.
2026-08-06 13:55:56,703 INFO [قرار توصية الطاقة حقل الناصرية.docx] Cleaning document...
2026-08-06 13:55:56,704 INFO [قرار توصية الطاقة حقل الناصرية.docx] Cleaning document completed.
2026-08-06 13:55:56,704 INFO [قرار توصية الطاقة حقل الناصرية.docx] Detecting document type...
2026-08-06 13:55:56,704 INFO [قرار توصية الطاقة حقل الناصرية.docx] Detecting document type completed.
2026-08-06 13:55:56,704 INFO [قرار توصية الطاقة حقل الناصرية.docx] Extracting metadata...
2026-08-06 13:55:56,705 INFO [قرار توصية الطاقة حقل الناصرية.docx] Extracting metadata completed.
2026-08-06 13:55:56,705 INFO [قرار توصية الطاقة حقل الناصرية.docx] Extracting legal content...
2026-08-06 13:55:56,706 INFO [قرار توصية الطاقة حقل الناصرية.docx] Extracting legal content completed.
2026-08-06 13:55:56,706 INFO [قرار توصية الطاقة حقل الناصرية.docx] Building JSON...
2026-08-06 13:55:56,706 INFO [قرار توصية الطاقة حقل الناصرية.docx] Building JSON completed.
2026-08-06 13:55:56,706 INFO [قرار توصية الطاقة حقل الناصرية.docx] Validating JSON...
2026-08-06 13:55:56,706 INFO [قرار توصية الطاقة حقل الناصرية.docx] Validating JSON completed.
2026-08-06 13:55:56,706 INFO [قرار توصية الطاقة حقل الناصرية.docx] Saving output...
2026-08-06 13:55:56,718 INFO [قرار توصية الطاقة حقل الناصرية.docx] Saving output completed.
2026-08-06 13:55:56,718 INFO [قرار توصية الطاقة حقل الناصرية.docx] Completed. Output: data\output\قرار توصية الطاقة حقل الناصرية_19.json
2026-08-06 13:55:56,718 INFO [وزارة الصحة لجنة الصيادله.docx] Loading document...
2026-08-06 13:55:56,720 INFO [وزارة الصحة لجنة الصيادله.docx] Loading document completed.
2026-08-06 13:55:56,720 INFO [وزارة الصحة لجنة الصيادله.docx] Cleaning document...
2026-08-06 13:55:56,721 INFO [وزارة الصحة لجنة الصيادله.docx] Cleaning document completed.
2026-08-06 13:55:56,721 INFO [وزارة الصحة لجنة الصيادله.docx] Detecting document type...
2026-08-06 13:55:56,721 INFO [وزارة الصحة لجنة الصيادله.docx] Detecting document type completed.
2026-08-06 13:55:56,721 INFO [وزارة الصحة لجنة الصيادله.docx] Extracting metadata...
2026-08-06 13:55:56,721 INFO [وزارة الصحة لجنة الصيادله.docx] Extracting metadata completed.
2026-08-06 13:55:56,721 INFO [وزارة الصحة لجنة الصيادله.docx] Extracting legal content...
2026-08-06 13:55:56,722 INFO [وزارة الصحة لجنة الصيادله.docx] Extracting legal content completed.
2026-08-06 13:55:56,722 INFO [وزارة الصحة لجنة الصيادله.docx] Building JSON...
2026-08-06 13:55:56,722 INFO [وزارة الصحة لجنة الصيادله.docx] Building JSON completed.
2026-08-06 13:55:56,722 INFO [وزارة الصحة لجنة الصيادله.docx] Validating JSON...
2026-08-06 13:55:56,722 INFO [وزارة الصحة لجنة الصيادله.docx] Validating JSON completed.
2026-08-06 13:55:56,722 INFO [وزارة الصحة لجنة الصيادله.docx] Saving output...
2026-08-06 13:55:56,745 INFO [وزارة الصحة لجنة الصيادله.docx] Saving output completed.
2026-08-06 13:55:56,745 INFO [وزارة الصحة لجنة الصيادله.docx] Completed. Output: data\output\وزارة الصحة لجنة الصيادله_19.json
